|ID|Year_foundation|Industry|Company_Maturity|Income|branches|Offices|Dt_Customer|Recency|MntPayroll|MntMarketingExpenses|MntRecruitmentExpenses|MntBenefitsExpenses|MntLayoffsExpenses|MntOurServicesUsage|NumDealsHiring|NumWebHiring|NumInfintyHiring|NumHubTalentHiring|NumHubTopExecutiveHiring|AcceptedCmp3|AcceptedCmp4|AcceptedCmp5|AcceptedCmp1|AcceptedCmp2|Complain|Z_CostContact|Z_Revenue|Response
1|2174|1954|Technology|low maturity|46344.0|1|1|08-03-2014|38|11600|1727|6337|2835|1057|6495|2|1|21|2|5|0|0|0|0|0|0|3|11|0
4|5324|1981|Medical|defined processes|58293.0|1|0|19-01-2014|94|173244|43256|118547|46684|27640|15748|5|5|63|6|5|0|0|0|0|0|0|3|11|0
7|6177|1985|Medical|defined processes|33454.0|1|0|08-05-2013|32|76789|10604|56840|3181|1752|23162|2|4|0|4|8|0|0|0|0|0|0|3|11|0
12|2125|1959|Technology|good maturity|63033.0|0|0|15-11-2013|82|194852|61216|480171|225381|112232|30662|1|3|84|8|2|0|0|0|0|0|0|3|11|0
16|9736|1980|Technology|defined processes|41850.0|1|1|24-12-2012|51|53037|5444|19654|2386|13712|4612|3|3|0|3|8|0|0|0|0|0|0|3|11|0
20|9360|1982|Technology|defined processes|37040.0|0|0|08-08-2012|41|86271|2175|73469|69424|38843|48878|1|4|42|5|8|0|0|0|0|0|0|3|11|0
24|1409|1951|Technology|growth|40689.0|0|1|18-03-2013|69|270978|3813|27236|39711|6825|99570|7|7|21|5|8|0|0|0|0|0|0|3|11|0
27|5255|1986|Technology|low maturity||1|0|20-02-2013|19|5292|1111|3705|3686|263803|362675|0|27|0|0|1|0|0|0|0|0|0|3|11|0
31|3033|1963|Financial|growth|38620.0|0|0|11-05-2013|56|112880|17800|44259|34799|22488|89890|1|2|105|3|3|0|0|0|0|0|0|3|11|0
36|4339|1970|Medical|defined processes|67353.0|0|1|31-12-2013|37|702470|17821|151958|580|8814|35093|5|5|126|12|2|0|0|0|0|0|0|3|11|0
40|8601|1980|Technology|defined processes|80011.0|0|1|29-04-2013|3|421082|76441|536072|82765|178451|102412|2|8|126|5|4|0|0|0|0|0|0|3|11|0
43|7281|1959|Medical|low maturity||0|0|05-11-2013|80|81156|11911|50096|3492|2765|39750|1|1|63|4|2|0|0|0|0|0|0|3|11|0
47|7286|1968|Technology|growth|41728.0|1|0|24-05-2013|92|13731|6320|15401|3105|5101|13362|1|2|0|2|10|0|0|0|0|0|0|3|11|0
50|8614|1957|Technology|high maturity|65486.0|0|1|12-05-2014|29|245555|19079|125235|37684|67588|14632|1|4|42|10|2|0|0|0|0|0|0|3|11|0
54|9381|1978|Technology|defined processes|66373.0|1|1|12-06-2013|57|328210|9114|124979|12770|24750|109831|7|4|42|10|3|0|0|0|0|0|0|3|11|0
59|8375|1968|Medical|defined processes|55954.0|0|1|03-03-2014|63|447501|531|28420|544|637|43569|3|8|42|6|7|0|0|0|0|0|0|3|11|0
63|6518|1951|Medical|high maturity|67680.0|0|1|11-06-2013|8|546683|770|48054|168|6037|6284|1|7|63|8|5|0|0|0|0|0|0|3|11|0
68|4477|1958|Technology|growth|69096.0|0|1|27-09-2013|4|247353|49466|159982|7123|82609|109599|1|5|42|10|4|0|0|0|0|0|0|3|11|0
71|10629|1973|Statup|defined processes||1|0|14-09-2012|25|25851|3946|43580|17545|4908|17556|3|3|0|3|8|0|0|0|0|0|0|3|11|0
75|5846|1977|Technology|good maturity|40246.0|1|0|19-12-2012|68|2567|1739|6405|2787|1778|1723|1|1|0|2|6|0|0|0|0|0|0|3|11|0
81|2261|1969|Technology|defined processes|26304.0|1|0|23-06-2013|5|4874|1316|5701|2650|504|4857|1|1|0|2|7|0|0|0|0|0|0|3|11|0
84|535|1987|Technology|good maturity|81361.0|0|0|25-02-2014|18|163461|23925|424052|27603|65886|76099|1|3|210|13|1|0|0|0|0|0|0|3|11|0
90|8996|1957|Medical|defined processes||2|1|19-11-2012|4|230400|42281|192296|49140|37842|53126|12|7|42|8|9|0|0|0|0|0|0|3|11|0
93|11178|1972|Financial|low maturity|42394.0|1|0|23-03-2014|69|15402|2099|10025|532|1701|4639|1|1|0|3|7|0|0|0|0|0|0|3|11|0
97|11100|1972|Technology|good maturity|51813.0|1|1|11-04-2013|37|51523|2154|7426|842|1077|2811|2|2|0|3|7|0|0|0|0|0|0|3|11|0
101|1016|1959|Medical|low maturity|34554.0|0|1|30-03-2014|43|41809|1866|6679|2427|448|5461|2|2|0|3|6|0|0|0|0|0|0|3|11|0
105|8373|1979|Agriculture|growth|24594.0|1|0|10-12-2013|94|1079|3558|6081|10156|338|9961|1|1|0|3|5|0|0|0|0|0|0|3|11|0
108|3629|1978|Technology|low maturity|38557.0|1|0|19-12-2012|17|76319|3357|31027|4552|4898|27118|2|3|21|3|7|0|0|0|0|0|0|3|11|0
114|9215|1980|Medical|defined processes|43974.0|1|0|12-12-2012|19|378666|868|101636|506|965|72828|5|6|84|6|7|0|0|0|0|0|0|3|11|0
118|5234|1967|Statup|growth|30753.0|1|1|11-07-2013|85|12731|5924|25577|844|9581|30839|2|1|21|3|5|0|0|0|0|0|0|3|11|0
122|8442|1985|Financial|defined processes|19510.0|2|0|04-09-2013|63|9294|622|7506|3747|4080|7713|2|1|0|3|7|0|0|0|0|0|0|3|11|0
127|3381|1953|Financial|defined processes|54348.0|1|1|08-06-2014|51|70209|190|16472|836|837|4560|2|2|0|4|6|0|0|0|0|0|0|3|11|0
130|8026|1952|Technology|defined processes|62998.0|0|1|30-09-2013|10|120973|58713|73603|65326|89295|58851|5|5|84|5|5|0|0|0|0|0|0|3|11|0
133|1295|1963|Technology|defined processes||0|1|11-08-2013|96|231053|65224|196767|38278|71529|124104|1|6|105|7|4|0|0|0|0|0|0|3|11|0
137|9579|1959|Medical|defined processes|33762.0|2|1|07-07-2013|61|53858|1441|34030|2920|216|16776|3|2|42|2|8|0|0|0|0|0|0|3|11|0
142|8690|1962|Technology|defined processes|86111.0|0|0|19-04-2013|73|399620|28639|756742|36289|40562|126188|1|5|147|10|2|0|0|0|0|0|0|3|11|0
145|9949|1976|Technology|defined processes|59809.0|0|2|18-10-2012|36|598606|16548|141921|32881|41308|49649|3|3|63|6|8|0|0|0|0|0|0|3|11|0
149|4050|1966|Financial|defined processes|49605.0|0|0|21-06-2014|65|42328|16529|29784|12676|20212|8035|1|2|21|4|3|0|0|0|0|0|0|3|11|0
153|92|1988|Technology|standardization|34176.0|1|0|12-05-2014|12|5701|7168|24428|19509|14527|20133|4|3|0|4|6|0|0|0|0|0|0|3|11|0
157|9283|1978|Technology|low maturity|60199.0|1|2|12-09-2013|49|8086|1392|7239|2348|174|895|1|0|0|3|4|0|0|0|0|0|0|3|11|0
160|2795|1958|Financial|low maturity|30523.0|2|1|01-07-2013|0|5764|220|3531|108|154|5579|1|1|0|2|7|0|0|0|0|0|0|3|11|0
163|10095|1975|Medical|good maturity|74165.0|0|0|01-05-2013|9|1001324|12583|240816|16701|12973|12717|1|5|84|10|2|0|0|0|0|0|0|3|11|0
168|6637|1988|Technology|low maturity|66951.0|0|0|02-11-2013|46|277233|162458|305573|173266|76614|124602|1|3|84|7|1|0|0|0|0|0|0|3|11|0
171|6460|1982|Technology|defined processes|28718.0|1|0|13-07-2013|78|12266|4933|6562|11493|8202|16933|2|2|0|3|8|0|0|0|0|0|0|3|11|0
175|8717|1975|Medical|defined processes|80427.0|0|1|12-09-2012|56|1149793|71306|449957|69736|71852|26302|1|11|168|8|5|0|0|0|0|0|0|3|11|0
180|7698|1976|Medical|defined processes|51650.0|0|1|11-05-2014|81|152101|3321|22361|2711|5055|7539|1|4|21|4|5|0|0|0|0|0|0|3|11|0
183|10796|1984|Financial|defined processes|30477.0|1|0|22-01-2014|16|47261|1161|6837|942|153|12088|1|1|21|3|6|0|0|0|0|0|0|3|11|0
186|5823|1970|Medical|low maturity|32303.0|0|1|08-03-2014|63|35456|288|2400|174|78|2396|2|1|0|4|5|0|0|0|0|0|0|3|11|0
189|6431|1964|Medical|defined processes|45759.0|1|1|23-02-2013|13|42888|1956|18376|3378|171|4676|2|2|0|3|7|0|0|0|0|0|0|3|11|0
193|1324|1988|Technology|defined processes|38872.0|1|0|30-05-2013|93|23609|3198|21057|3257|19283|22557|2|3|0|3|8|0|0|0|0|0|0|3|11|0
196|6999|1980|Financial|defined processes|69661.0|0|0|13-05-2014|80|656902|16569|106215|32827|16777|8486|1|7|63|12|3|0|0|0|0|0|0|3|11|0
202|8727|1978|Technology|good maturity|63693.0|0|1|14-10-2013|63|587670|43563|337677|42889|87558|54585|3|11|126|9|6|0|0|0|0|0|0|3|11|0
208|868|1966|Technology|defined processes|44794.0|0|1|08-06-2014|99|54938|909|7434|928|730|4853|1|2|0|3|6|0|0|0|0|0|0|3|11|0
212|6927|1968|Medical|defined processes|44377.0|1|1|05-10-2012|70|224687|528|30133|829|687|10399|8|5|21|5|8|0|0|0|0|0|0|3|11|0
215|1584|1977|Technology|defined processes|41443.0|1|0|01-04-2014|79|171219|7773|171951|25691|19084|89935|6|8|21|5|8|0|0|0|0|0|0|3|11|0
219|454|1980|Technology|growth|69508.0|1|0|14-11-2012|48|824052|32888|162705|42205|32172|43435|2|11|84|11|6|0|0|0|0|0|0|3|11|0
222|4785|1970|Medical|growth|77622.0|0|2|14-04-2014|3|520912|7381|154743|19275|607|14316|2|6|63|11|3|0|0|0|0|0|0|3|11|0
225|4653|1978|Technology|growth|42011.0|1|0|26-03-2013|46|131271|220|16827|2455|1382|39024|4|3|21|4|8|0|0|0|0|0|0|3|11|0
228|460|1972|Medical|defined processes|79930.0|0|0|08-08-2012|72|792446|86468|740217|67202|51511|17918|1|3|105|8|2|0|0|0|0|0|0|3|11|0
233|9617|1951|Technology|low maturity|15033.0|0|0|16-04-2014|37|660|4243|5545|6680|232|4337|1|1|0|3|3|0|0|0|0|0|0|3|11|0
236|2936|1982|Financial|growth|23661.0|1|0|04-12-2013|46|18354|809|4787|686|372|1363|1|1|0|3|7|0|0|0|0|0|0|3|11|0
239|11004|1893|Statup|low maturity|60182.0|0|1|17-05-2014|23|8281|765|5230|7458|954|2653|1|1|0|2|4|0|0|0|0|0|0|3|11|0
244|6439|1958|Technology|defined processes|61074.0|0|1|17-08-2012|37|789449|631|133021|254|28337|152652|7|11|105|8|7|0|0|0|0|0|0|3|11|0
248|8867|1988|Medical|defined processes|67546.0|0|0|31-08-2012|90|864473|134163|768813|150098|38112|172448|1|4|210|5|3|0|0|0|0|0|0|3|11|0
251|6340|1985|Technology|low maturity|29938.0|1|0|27-10-2013|52|3560|3542|7628|405|2426|11118|2|1|0|3|6|0|0|0|0|0|0|3|11|0
255|5304|1974|Medical|low maturity|30899.0|1|0|13-10-2012|35|24905|757|8202|509|746|1771|2|1|0|3|6|0|0|0|0|0|0|3|11|0
259|3153|1957|Medical|low maturity|40737.0|2|1|08-12-2013|24|11300|380|4255|131|67|2846|1|1|0|2|8|0|0|0|0|0|0|3|11|0
263|9396|1978|Medical|defined processes|37717.0|1|0|23-11-2012|31|9186|781|6884|4803|1920|5331|1|1|0|2|9|0|0|0|0|0|0|3|11|0
269|4557|1970|Technology|growth|22070.0|1|0|04-10-2013|11|10656|7659|19340|8359|2710|21585|2|2|42|2|6|0|0|0|0|0|0|3|11|0
273|6336|1960|Technology|defined processes|29315.0|1|1|06-04-2014|55|13894|2481|14530|8150|7391|4945|4|2|0|4|6|0|0|0|0|0|0|3|11|0
277|7828|1981|Financial|growth|77882.0|0|0|30-04-2014|29|68351|129220|396948|188320|22075|15142|1|3|63|5|1|0|0|0|0|0|0|3|11|0
281|10144|1976|Technology|growth|51369.0|0|1|25-10-2012|84|297734|7191|79576|445|11444|182572|2|8|42|4|8|0|0|0|0|0|0|3|11|0
284|8962|1975|Financial|defined processes|44319.0|1|1|17-04-2014|18|26866|796|8142|66|394|3696|2|2|0|3|5|0|0|0|0|0|0|3|11|0
287|8148|1956|Financial|growth|50898.0|1|1|08-01-2013|88|285835|28232|242107|55947|114086|135416|13|6|42|12|5|0|0|0|0|0|0|3|11|0
291|7254|1969|Technology|growth|38361.0|1|0|27-12-2013|74|39421|452|56374|20365|8905|14783|3|3|21|3|7|0|0|0|0|0|0|3|11|0
296|2874|1988|Statup|good maturity|35388.0|1|0|07-03-2013|20|6618|4124|7171|4599|3693|8926|1|1|0|3|7|0|0|0|0|0|0|3|11|0
300|5827|1958|Technology|good maturity|35246.0|1|1|16-04-2014|53|36379|188|12660|2473|2393|10529|4|3|21|3|5|0|0|0|0|0|0|3|11|0
303|1717|1988|Technology|low maturity|39747.0|1|0|13-04-2014|43|80341|15257|93352|20053|13612|52252|3|5|21|4|8|0|0|0|0|0|0|3|11|0
310|10032|1976|Technology|good maturity|12571.0|1|0|18-01-2014|86|3389|5883|14056|2857|12323|17726|4|3|21|3|6|0|0|0|0|0|0|3|11|0
314|3050|1966|Technology|defined processes|54198.0|1|1|17-12-2013|13|185145|49|28542|3314|2354|17377|6|3|21|6|4|0|0|0|0|0|0|3|11|0
317|9478|1985|Technology|low maturity|66503.0|1|0|14-08-2012|30|91328|64446|128752|65129|3130|50385|2|4|63|6|3|0|0|0|0|0|0|3|11|0
321|520|1974|Technology|defined processes|34421.0|1|0|01-07-2013|81|3495|3126|7518|6084|2348|9975|1|1|0|2|7|0|0|0|0|0|0|3|11|0
324|2607|1953|Technology|low maturity|40464.0|0|1|11-01-2013|78|424193|17128|118484|7042|23214|41796|6|8|42|8|8|0|0|0|0|0|0|3|11|0
327|3896|1984|Technology|defined processes|27255.0|1|0|07-11-2013|3|22542|1862|11412|321|1434|2438|1|1|0|3|7|0|0|0|0|0|0|3|11|0
330|2861|1983|Technology|low maturity|24072.0|1|0|16-04-2013|79|9896|1097|6162|3177|216|4247|1|1|0|2|8|0|0|0|0|0|0|3|11|0
335|10151|1960|Technology|good maturity|62204.0|0|2|12-09-2012|38|317229|46397|247308|151199|46870|139497|1|4|105|12|3|0|0|0|0|0|0|3|11|0
341|11191|1986|Technology|good maturity|41411.0|0|0|07-12-2013|11|37962|32903|38663|11148|3767|18476|1|2|21|4|6|0|0|0|0|0|0|3|11|0
346|8553|1965|Technology|defined processes|44300.0|1|1|23-06-2013|65|30916|501|9670|765|564|3247|2|1|0|3|6|0|0|0|0|0|0|3|11|0
353|11056|1974|Technology|defined processes|72099.0|0|0|27-10-2012|18|546102|91263|410681|119496|907|22844|1|3|84|10|1|0|0|0|0|0|0|3|11|0
357|6184|1969|Medical|defined processes|68462.0|0|0|12-12-2012|6|561332|64862|785221|84973|128470|48448|1|3|63|8|1|0|0|0|0|0|0|3|11|0
361|9336|1969|Medical|high maturity|62187.0|0|1|22-03-2014|38|512181|383|83318|578|413|41220|3|6|42|10|4|0|0|0|0|0|0|3|11|0
364|5837|1967|Technology|defined processes|51479.0|1|1|28-12-2012|67|247406|8612|160276|6277|8649|65653|7|6|63|6|7|0|0|0|0|0|0|3|11|0
367|4432|1976|Technology|good maturity|31615.0|1|0|16-03-2013|82|2462|3524|20202|6927|11348|9797|2|2|0|3|7|0|0|0|0|0|0|3|11|0
370|5680|1984|Statup|defined processes|35684.0|1|0|22-04-2014|66|10723|4762|7452|648|6860|3135|1|1|0|3|6|0|0|0|0|0|0|3|11|0
377|4459|1989|Technology|low maturity|30279.0|1|0|30-12-2012|13|10275|4866|14488|4761|4617|1290|1|1|0|3|8|0|0|0|0|0|0|3|11|0
380|2098|1969|Medical|defined processes|33581.0|2|0|08-01-2013|38|11979|103|5068|110|507|1922|1|1|0|2|8|0|0|0|0|0|0|3|11|0
383|3310|1973|Statup|defined processes|35688.0|2|1|22-08-2012|94|73834|3602|90433|12026|1821|32575|7|4|21|4|8|0|0|0|0|0|0|3|11|0
387|6202|1960|Technology|growth|63381.0|0|1|05-10-2012|78|571985|50934|142878|33106|50958|159425|4|4|105|13|2|0|0|0|0|0|0|3|11|0
391|5642|1979|Financial|growth|62499.0|1|0|09-12-2013|0|140118|4803|61168|440|13129|4582|2|3|21|6|4|0|0|0|0|0|0|3|11|0
394|7683|1968|Financial|defined processes|70777.0|0|1|25-02-2014|80|554135|35979|113173|174|7864|78117|3|5|63|12|3|0|0|0|0|0|0|3|11|0
398|798|1987|Technology|low maturity|23442.0|1|0|24-12-2012|71|2219|362|6920|8612|6778|5183|1|1|0|3|7|0|0|0|0|0|0|3|11|0
402|7617|1974|Technology|low maturity|42373.0|1|1|15-08-2013|83|67575|5449|61580|3224|8813|19400|5|2|21|5|5|0|0|0|0|0|0|3|11|0
407|8890|1971|Medical|good maturity|65808.0|1|1|30-05-2014|1|155364|7203|80541|13057|7370|10068|3|5|21|5|6|0|0|0|0|0|0|3|11|0
411|10882|1976|Technology|defined processes|53858.0|0|1|09-11-2012|50|407114|53929|221241|58905|150936|26904|4|4|63|6|4|0|0|0|0|0|0|3|11|0
415|7106|1943|Medical|defined processes|75865.0|0|0|31-03-2014|73|483708|807|591604|156366|819|12129|1|3|105|10|1|0|0|0|0|0|0|3|11|0
421|3129|1983|Technology|defined processes|30096.0|1|0|22-05-2014|30|5255|3207|11308|12374|5227|9683|1|2|0|3|6|0|0|0|0|0|0|3|11|0
428|5987|1989|Statup|growth|10404.0|1|0|04-05-2014|52|2035|2669|11331|10054|6612|12811|2|1|0|4|5|0|0|0|0|0|0|3|11|0
432|238|1967|Statup|growth|67309.0|1|1|23-01-2013|76|515588|47495|181347|149037|95502|95342|15|9|126|9|7|0|0|0|0|0|0|3|11|0
435|9347|1956|Financial|growth|50943.0|0|1|21-06-2013|49|31764|476|7282|2453|873|6304|1|1|0|3|5|0|0|0|0|0|0|3|11|0
438|5455|1971|Medical|defined processes|32011.0|1|0|22-08-2013|89|99944|669|15227|2309|1893|5793|3|2|21|4|7|0|0|0|0|0|0|3|11|0
441|7495|1948|Medical|defined processes|56223.0|0|1|20-12-2013|72|77480|28298|31479|16643|940|4931|2|2|21|5|4|0|0|0|0|0|0|3|11|0
444|2106|1974|Statup|defined processes|20130.0|0|0|17-03-2014|99|609|6171|3881|7435|6129|12198|1|1|0|3|8|0|0|0|0|0|0|3|11|0
448|2541|1976|Technology|defined processes|24027.0|1|0|09-06-2013|7|14979|7068|11192|11918|295|5319|2|2|0|3|8|0|0|0|0|0|0|3|11|0
451|2807|1969|Technology|defined processes|56796.0|0|1|16-02-2013|24|656433|38108|161118|62215|47892|37252|3|8|189|7|7|0|0|0|0|0|0|3|11|0
454|6233|1976|Technology|defined processes|65991.0|0|1|07-09-2012|21|507955|19857|364593|25373|47290|9624|3|9|105|10|7|0|0|0|0|0|0|3|11|0
459|10648|1982|Statup|growth|66664.0|0|0|25-09-2012|78|398246|96243|447250|220846|96559|32676|1|5|147|6|3|0|0|0|0|0|0|3|11|0
464|2815|1975|Technology|defined processes|33183.0|1|0|24-02-2014|46|7508|5422|39254|17377|15973|37263|2|4|0|3|7|0|0|0|0|0|0|3|11|0
468|9697|1951|Technology|defined processes|53790.0|0|2|06-03-2014|86|335146|42709|127247|28074|5389|5778|3|7|42|8|6|0|0|0|0|0|0|3|11|0
473|6619|1978|Technology|defined processes|38415.0|1|1|02-01-2013|91|22429|1298|13935|4032|979|4445|2|1|0|3|7|0|0|0|0|0|0|3|11|0
476|916|1972|Medical|low maturity|41644.0|1|1|09-05-2014|67|20486|3468|4714|2680|765|2950|2|1|0|3|3|0|0|0|0|0|0|3|11|0
479|10581|1977|Technology|defined processes|41124.0|1|0|31-10-2012|41|281437|7318|84613|15264|921|119197|7|7|63|4|8|0|0|0|0|0|0|3|11|0
483|1676|1975|Technology|defined processes|43057.0|0|1|30-10-2013|30|213389|2247|44224|404|2616|5873|4|4|42|5|5|0|0|0|0|0|0|3|11|0
487|5562|1974|Technology|defined processes|60093.0|0|1|26-06-2013|92|502447|12449|109661|16549|6504|90908|2|7|42|10|6|0|0|0|0|0|0|3|11|0
490|3403|1958|Medical|growth|78952.0|0|1|24-09-2012|11|1170157|19452|594549|99320|76210|134221|2|2|105|12|6|0|0|0|0|0|0|3|11|0
495|3136|1962|Financial|good maturity|59432.0|0|1|13-04-2013|88|317174|25171|265725|25744|19616|12474|3|5|63|11|5|0|0|0|0|0|0|3|11|0
498|716|1949|Medical|growth|67911.0|0|1|22-05-2014|63|529569|417|356341|63484|28416|150|3|6|147|11|3|0|0|0|0|0|0|3|11|0
501|10623|1961|Financial|growth|48330.0|0|1|15-11-2013|2|28286|513|4967|431|511|471|1|1|0|3|5|0|0|0|0|0|0|3|11|0
504|10160|1956|Financial|growth|50943.0|0|1|21-06-2013|49|31268|184|7270|2500|492|6483|1|1|0|3|5|0|0|0|0|0|0|3|11|0
507|6071|1989|Technology|low maturity|81217.0|0|0|19-07-2013|77|493492|70553|324026|146902|40089|84430|1|3|147|11|1|0|0|0|0|0|0|3|11|0
511|4320|1979|Technology|low maturity|60152.0|0|1|28-03-2013|6|325731|83985|300290|86333|58354|91223|1|6|84|12|3|0|0|0|0|0|0|3|11|0
516|11025|1961|Technology|defined processes|36443.0|1|1|03-02-2013|9|65516|692|46689|4708|3190|20241|4|3|21|3|8|0|0|0|0|0|0|3|11|0
520|3696|1965|Technology|good maturity|30630.0|1|1|27-01-2014|67|27478|1256|12392|2899|710|10157|2|2|0|3|7|0|0|0|0|0|0|3|11|0
526|4322|1958|Medical|growth|77863.0|0|0|27-11-2013|20|881470|38784|319255|16346|25756|12664|1|4|105|10|2|0|0|0|0|0|0|3|11|0
529|3281|1960|Medical|defined processes|49154.0|1|1|03-11-2013|69|206585|10733|67325|30419|27036|71814|6|4|21|8|6|0|0|0|0|0|0|3|11|0
533|4437|1962|Technology|defined processes|65316.0|1|1|24-04-2013|65|112551|6591|92777|3069|9526|38429|2|3|42|5|4|0|0|0|0|0|0|3|11|0
536|1991|1967|Technology|growth|44931.0|0|1|18-01-2014|0|78908|645|11957|320|195|7881|1|2|21|3|5|0|0|0|0|0|0|3|11|0
540|3665|1977|Statup|growth|25315.0|1|0|07-11-2013|46|1091|9847|8706|11810|3102|22199|3|3|0|3|8|0|0|0|0|0|0|3|11|0
544|7822|1976|Technology|growth|54058.0|0|1|04-06-2013|56|198541|18153|252628|32181|108827|54731|2|4|126|8|3|0|0|0|0|0|0|3|11|0
549|2256|1973|Financial|defined processes|27159.0|1|1|29-03-2014|33|17853|958|3190|540|720|1109|2|1|0|3|6|0|0|0|0|0|0|3|11|0
553|9460|1963|Technology|defined processes|22419.0|0|0|18-04-2013|74|30653|3866|47870|19907|21769|42117|1|3|42|2|8|0|0|0|0|0|0|3|11|0
558|8420|1970|Statup|defined processes|15315.0|0|0|03-08-2013|27|7388|4810|13537|15420|8124|17122|2|2|0|4|5|0|0|0|0|0|0|3|11|0
562|9780|1971|Financial|growth|71499.0|0|1|25-06-2013|12|465569|25092|132975|136346|242|37384|2|8|63|13|4|0|0|0|0|0|0|3|11|0
565|4184|1950|Medical|growth|52157.0|0|1|07-06-2014|48|189458|2343|29454|3905|2581|40059|2|3|42|5|4|0|0|0|0|0|0|3|11|0
568|10381|1979|Technology|low maturity|47691.0|0|1|05-07-2013|43|14860|677|3263|689|387|4460|1|1|0|2|6|0|0|0|0|0|0|3|11|0
571|3526|1968|Medical|defined processes|38443.0|1|1|27-01-2014|58|32673|130|5797|194|820|1827|2|1|0|3|7|0|0|0|0|0|0|3|11|0
574|7369|1981|Financial|defined processes|36959.0|1|0|02-10-2013|56|25294|6178|25768|6068|617|683|2|2|0|3|8|0|0|0|0|0|0|3|11|0
578|10242|1966|Medical|growth|47472.0|1|1|16-09-2013|39|56797|774|11882|757|701|8082|2|2|0|4|5|0|0|0|0|0|0|3|11|0
582|5081|1967|Statup|growth|47821.0|1|1|20-10-2013|54|9087|148|16239|6362|6888|10482|1|1|0|3|8|0|0|0|0|0|0|3|11|0
585|8036|1971|Statup|growth|26850.0|1|1|18-04-2014|10|31582|1804|13487|7326|2791|9954|4|2|21|4|4|0|0|0|0|0|0|3|11|0
592|4501|1965|Financial|low maturity|69882.0|0|0|10-11-2013|94|292976|127173|635666|132657|127242|165752|1|3|147|9|1|0|0|0|0|0|0|3|11|0
596|5252|1969|Technology|good maturity|23910.0|1|0|26-10-2012|80|16949|12234|18849|7918|1467|13336|1|2|0|3|7|0|0|0|0|0|0|3|11|0
599|3537|1981|Technology|growth|31089.0|1|0|17-08-2012|57|31573|3616|31966|2653|8187|4178|3|3|0|4|8|0|0|0|0|0|0|3|11|0
602|7972|1955|Technology|low maturity|72906.0|0|0|17-09-2013|79|400235|32259|519825|71580|75433|54670|1|3|84|9|1|0|0|0|0|0|0|3|11|0
606|7232|1973|Technology|high maturity|42429.0|0|1|11-02-2014|99|55491|53|6111|2490|207|4371|2|1|21|3|5|0|0|0|0|0|0|3|11|0
610|7930|1969|Financial|low maturity|26877.0|0|0|19-08-2013|74|101467|13555|76048|20978|18766|40449|2|3|21|6|6|0|0|0|0|0|0|3|11|0
613|6222|1967|Technology|defined processes|22574.0|2|1|28-10-2013|28|25848|384|8919|2951|569|2728|2|2|0|3|7|0|0|0|0|0|0|3|11|0
617|1503|1976|Medical|growth|162397.0|1|1|03-06-2013|31|85220|1796|16939|2801|1068|2572|0|0|0|1|1|0|0|0|0|0|0|3|11|0
620|2782|1961|Medical|defined processes|54456.0|0|1|11-07-2013|23|352977|975|27136|10442|969|15377|3|6|21|7|6|0|0|0|0|0|0|3|11|0
625|3641|1976|Technology|defined processes|13624.0|1|0|20-01-2013|93|10511|2475|15549|2378|1346|6264|2|2|0|3|6|0|0|0|0|0|0|3|11|0
629|5063|1977|Technology|low maturity|28769.0|1|0|18-12-2012|76|41474|5369|129530|10252|3327|3491|3|4|21|4|9|0|0|0|0|0|0|3|11|0
632|5156|1970|Statup|defined processes|62466.0|0|1|15-01-2014|13|129972|129675|259749|168650|121733|83246|5|6|63|12|4|0|0|0|0|0|0|3|11|0
637|944|1962|Technology|defined processes|56181.0|0|1|08-01-2013|6|121171|103297|69158|8656|44882|48150|1|4|42|7|4|0|0|0|0|0|0|3|11|0
642|2131|1959|Medical|good maturity|62859.0|0|1|30-12-2012|37|1063805|89503|102526|16502|12369|25597|4|9|84|6|6|0|0|0|0|0|0|3|11|0
648|4679|1977|Financial|defined processes|78710.0|0|1|23-05-2014|42|721602|408|152378|119427|50731|50664|3|7|126|12|4|0|0|0|0|0|0|3|11|0
652|6661|1974|Technology|defined processes|67445.0|0|1|12-08-2012|63|757179|80333|217471|29419|80853|11028|5|9|126|12|6|0|0|0|0|0|0|3|11|0
655|5555|1975|Technology|good maturity|153924.0|0|0|07-02-2014|81|1637|1021|1918|1550|1353|1955|0|0|0|0|0|0|0|0|0|0|0|3|11|0
658|3867|1947|Medical|growth|73059.0|0|1|31-08-2013|36|410361|112203|420942|97|82743|71272|1|9|63|13|4|0|0|0|0|0|0|3|11|0
662|5084|1975|Technology|high maturity|58330.0|0|1|25-12-2013|87|445624|53789|213313|104633|98088|151143|1|6|84|13|4|0|0|0|0|0|0|3|11|0
665|10826|1959|Technology|defined processes|18690.0|0|0|28-12-2012|77|6024|1968|7631|23305|4210|19176|1|1|21|2|8|0|0|0|0|0|0|3|11|0
668|11007|1968|Medical|defined processes|29187.0|1|0|09-05-2013|43|26707|185|6283|448|153|2374|1|1|0|3|8|0|0|0|0|0|0|3|11|0
671|10379|1962|Financial|low maturity|59247.0|0|2|08-11-2013|87|327102|9847|122550|19631|14880|83256|5|5|42|9|6|0|0|0|0|0|0|3|11|0
674|2920|1975|Medical|low maturity|52614.0|0|1|01-12-2012|63|789534|609|142700|12386|9877|38643|2|2|84|8|8|0|0|0|0|0|0|3|11|0
679|9596|1980|Medical|low maturity|65295.0|0|0|23-12-2013|19|365455|32462|117035|34807|110852|6740|1|3|63|13|2|0|0|0|0|0|0|3|11|0
682|75|1982|Statup|growth|41039.0|0|0|25-07-2013|32|34407|11245|137832|179307|61441|45193|1|8|21|5|8|0|0|0|0|0|0|3|11|0
685|10142|1976|Medical|good maturity|66476.0|0|1|07-03-2013|99|372045|18064|126387|47879|48330|78839|2|5|42|11|4|0|0|0|0|0|0|3|11|0
691|143|1970|Technology|low maturity|61209.0|0|0|25-08-2013|73|466262|200|224645|119303|49893|99263|1|5|63|4|2|0|0|0|0|0|0|3|11|0
695|9239|1961|Financial|defined processes|61923.0|0|2|26-07-2013|94|92835|4290|18868|3167|3177|6866|1|2|21|4|3|0|0|0|0|0|0|3|11|0
700|9977|1973|Technology|good maturity|78901.0|0|1|17-09-2013|99|321579|11372|309824|33127|26148|34050|3|9|63|5|4|0|0|0|0|0|0|3|11|0
706|4472|1970|Medical|good maturity|35682.0|1|0|27-06-2014|34|23489|777|8153|6828|2720|18308|1|1|21|3|2|0|0|0|0|0|0|3|11|0
711|1272|1965|Financial|low maturity|55250.0|0|1|21-10-2012|49|664863|58674|83441|32294|928|66664|4|7|105|10|5|0|0|0|0|0|0|3|11|0
714|6969|1982|Technology|growth|50272.0|1|0|07-08-2013|75|99368|13195|66230|43730|8663|4423|3|4|21|5|7|0|0|0|0|0|0|3|11|0
718|10159|1970|Technology|good maturity|58710.0|0|1|31-03-2013|77|440047|81693|368904|808|122754|174664|6|11|105|9|6|0|0|0|0|0|0|3|11|0
721|4990|1954|Technology|defined processes|59111.0|0|0|02-05-2013|90|524203|132|134882|28246|28167|155491|1|11|21|8|7|0|0|0|0|0|0|3|11|0
725|7212|1966|Technology|defined processes|44794.0|0|1|08-06-2014|99|54537|78|7135|652|388|4796|1|2|0|3|6|0|0|0|0|0|0|3|11|0
730|5329|1949|Medical|good maturity|35946.0|1|1|27-09-2013|24|8884|577|3855|277|68|957|1|0|0|3|5|0|0|0|0|0|0|3|11|0
733|5956|1948|Medical|good maturity|45072.0|1|2|16-10-2013|74|144865|2793|99978|7562|2945|30640|5|6|21|4|8|0|0|0|0|0|0|3|11|0
738|6516|1989|Agriculture|defined processes|17487.0|1|0|18-03-2013|37|623|745|1645|7712|4878|6943|1|1|0|2|7|0|0|0|0|0|0|3|11|0
741|7458|1956|Financial|growth|34941.0|1|1|06-03-2013|26|39724|2768|25306|4186|3569|24196|2|3|0|3|8|0|0|0|0|0|0|3|11|0
746|7235|1975|Statup|defined processes|17003.0|1|0|09-12-2013|37|2282|5410|12958|4035|8667|7261|3|2|0|4|5|0|0|0|0|0|0|3|11|0
751|7938|1958|Medical|growth|51518.0|0|1|03-10-2013|92|350181|8436|66898|17038|4311|4440|2|3|42|10|3|0|0|0|0|0|0|3|11|0
755|3870|1978|Statup|growth|63855.0|0|0|09-02-2013|28|359445|35313|314109|93648|116713|89186|1|7|63|13|4|0|0|0|0|0|0|3|11|0
759|6488|1959|Medical|defined processes|38829.0|0|1|06-04-2014|86|76266|604|7610|37|828|16969|1|3|42|2|5|0|0|0|0|0|0|3|11|0
762|6406|1988|Financial|defined processes|78285.0|0|0|28-10-2013|13|647778|107729|391889|175385|67806|40199|1|6|84|10|3|0|0|0|0|0|0|3|11|0
766|5331|1977|Technology|defined processes|74985.0|0|0|11-09-2012|8|587431|51100|898960|247144|191|86639|1|3|126|7|2|0|0|0|0|0|0|3|11|0
769|8786|1956|Financial|defined processes|62058.0|0|1|26-05-2013|52|301710|7383|74271|10122|165|58492|4|6|21|7|6|0|0|0|0|0|0|3|11|0
773|2371|1972|Technology|defined processes|33622.0|1|1|13-04-2013|22|39042|1901|22224|3681|4858|12345|3|2|0|4|7|0|0|0|0|0|0|3|11|0
776|1072|1965|Medical|low maturity|40760.0|0|1|30-08-2013|64|70080|391|17551|738|318|6360|2|2|21|3|6|0|0|0|0|0|0|3|11|0
779|10736|1971|Technology|low maturity|72258.0|0|1|12-09-2013|28|522622|955|522280|227743|120410|134793|2|6|189|5|2|0|0|0|0|0|0|3|11|0
782|49|1970|Technology|low maturity|20587.0|1|0|11-05-2014|39|2209|3264|6460|4987|1868|9186|1|1|21|2|7|0|0|0|0|0|0|3|11|0
785|4211|1986|Agriculture|defined processes|20425.0|1|0|29-10-2012|5|4201|12528|5598|3558|16204|17710|2|2|0|3|7|0|0|0|0|0|0|3|11|0
790|6543|1945|Financial|growth|62847.0|0|0|15-01-2013|45|521153|168523|706621|80768|76498|61485|1|3|126|4|2|0|0|0|0|0|0|3|11|0
796|6722|1954|Medical|defined processes|70421.0|0|1|28-06-2014|98|479742|28986|136623|75577|14540|35832|3|10|63|7|6|0|0|0|0|0|0|3|11|0
799|8523|1968|Technology|defined processes|19329.0|1|0|14-12-2013|39|24127|1346|16098|12118|2182|5103|3|4|0|3|8|0|0|0|0|0|0|3|11|0
802|236|1951|Technology|defined processes|34838.0|1|1|19-01-2013|62|28174|23749|29121|29463|14206|47278|3|2|21|4|6|0|0|0|0|0|0|3|11|0
806|7326|1971|Financial|defined processes|56850.0|0|1|23-03-2014|83|34461|1622|19487|2918|7936|146|1|1|21|3|2|0|0|0|0|0|0|3|11|0
810|2964|1981|Technology|defined processes|26872.0|0|0|16-10-2013|0|3760|10539|8422|3108|16411|32224|1|1|21|2|6|0|0|0|0|0|0|3|11|0
814|6303|1986|Medical|growth|91820.0|0|0|23-11-2013|72|410755|73528|747157|76590|161682|30472|0|5|105|12|1|0|0|0|0|0|0|3|11|0
817|7462|1954|Technology|low maturity|22507.0|0|0|24-11-2012|67|68270|385|226980|51338|157064|68726|3|10|42|4|9|0|0|0|0|0|0|3|11|0
821|1143|1972|Technology|defined processes|22063.0|1|0|08-08-2013|43|7323|10809|13071|3938|11431|11351|2|2|0|3|7|0|0|0|0|0|0|3|11|0
827|6768|1962|Technology|good maturity|37859.0|1|2|12-01-2013|75|22359|1367|8828|2449|1368|2234|2|1|0|3|8|0|0|0|0|0|0|3|11|0
830|4887|1976|Medical|good maturity|55412.0|1|1|22-11-2013|65|10798|5674|28475|11738|1966|8392|1|2|0|3|5|0|0|0|0|0|0|3|11|0
833|11003|1980|Statup|growth|25130.0|1|0|02-10-2013|10|2273|5752|7078|589|18326|18296|2|2|0|3|7|0|0|0|0|0|0|3|11|0
836|6141|1972|Financial|low maturity|49494.0|1|0|25-04-2013|46|191126|9036|97769|556|6876|82268|2|6|21|5|7|0|0|0|0|0|0|3|11|0
840|4186|1950|Technology|growth|34026.0|1|1|05-08-2013|11|18844|6787|15644|12265|8533|17052|3|2|21|3|5|0|0|0|0|0|0|3|11|0
843|11121|1981|Technology|defined processes|19419.0|1|0|10-11-2012|76|2314|14505|28581|16097|3342|7354|4|4|0|3|9|0|0|0|0|0|0|3|11|0
847|5935|1956|Financial|low maturity|55284.0|0|1|24-12-2012|60|547082|7457|140857|114|7277|63918|3|7|105|8|5|0|0|0|0|0|0|3|11|0
850|7848|1974|Technology|low maturity|49166.0|0|1|13-06-2013|17|224679|2078|25608|7785|181|110754|2|5|63|3|6|0|0|0|0|0|0|3|11|0
856|4877|1973|Financial|defined processes|38576.0|0|1|04-03-2014|2|34341|904|7544|670|193|54|1|1|0|3|7|0|0|0|0|0|0|3|11|0
860|4297|1969|Technology|growth|23228.0|1|0|26-01-2014|71|13738|2972|18737|6642|1030|480|2|2|0|3|8|0|0|0|0|0|0|3|11|0
863|4271|1989|Statup|growth|38683.0|1|0|04-10-2012|80|46673|35685|69456|84739|41811|66114|6|4|21|6|7|0|0|0|0|0|0|3|11|0
866|115|1966|Financial|low maturity|43456.0|0|1|26-03-2013|0|275526|11072|68910|25965|7811|7899|3|5|21|8|5|0|0|0|0|0|0|3|11|0
869|2447|1979|Technology|growth|30545.0|1|0|17-10-2012|71|4860|12537|15682|19048|7195|12070|2|2|0|3|7|0|0|0|0|0|0|3|11|0
874|7631|1978|Financial|growth|61346.0|1|0|06-10-2013|34|562938|58229|168880|43983|16323|142379|1|5|147|10|3|0|0|0|0|0|0|3|11|0
878|1446|1956|Financial|low maturity|86424.0|0|0|05-04-2014|12|387519|68558|569214|89675|45895|68877|1|6|189|12|1|0|0|0|0|0|0|3|11|0
882|8916|1975|Technology|good maturity|36627.0|2|0|23-07-2013|78|9851|1323|5799|929|328|1618|1|0|0|3|5|0|0|0|0|0|0|3|11|0
886|7023|1953|Medical|low maturity|46231.0|2|1|26-11-2012|87|189148|2135|55545|889|5682|12959|4|6|21|4|9|0|0|0|0|0|0|3|11|0
889|2930|1978|Financial|low maturity|68092.0|0|0|16-12-2013|7|852254|60273|207079|78841|36275|48519|2|2|126|10|5|0|0|0|0|0|0|3|11|0
893|9960|1991|Agriculture|low maturity|26868.0|1|0|30-04-2014|52|339|980|1357|8136|3369|2537|1|1|0|2|7|0|0|0|0|0|0|3|11|0
898|7037|1974|Medical|defined processes|37087.0|1|0|11-08-2013|50|194660|55638|134517|15409|745|3682|3|4|42|8|6|0|0|0|0|0|0|3|11|0
901|8945|1970|Technology|good maturity|54137.0|0|1|16-08-2013|46|171492|117|11827|236|1638|20630|2|4|21|4|6|0|0|0|0|0|0|3|11|0
904|6404|1969|Technology|growth|58917.0|1|2|24-03-2013|10|151728|7329|89281|529|7029|28748|5|4|21|6|5|0|0|0|0|0|0|3|11|0
908|6534|1974|Technology|growth|47889.0|1|0|04-01-2014|94|29139|86|29310|299|5295|4650|1|2|0|3|5|0|0|0|0|0|0|3|11|0
911|4654|1992|Technology|growth|75114.0|0|0|07-11-2013|40|571403|12867|523800|63746|60841|24785|1|3|210|5|2|0|0|0|0|0|0|3|11|0
918|2625|1954|Statup|low maturity|42607.0|0|1|17-11-2013|30|156371|29107|56498|30229|32123|47097|2|3|42|7|3|0|0|0|0|0|0|3|11|0
925|5871|1979|Financial|growth|24401.0|0|0|31-08-2012|98|73213|28572|217529|10790|24217|115318|3|6|21|6|8|0|0|0|0|0|0|3|11|0
930|5303|1974|Medical|growth|79632.0|0|0|08-04-2014|42|471879|671|510397|99589|21981|12765|1|6|84|9|2|0|0|0|0|0|0|3|11|0
934|4843|1952|Technology|low maturity|75127.0|0|0|22-05-2014|92|203917|35885|305945|46939|17817|227424|1|2|231|5|1|0|0|0|0|0|0|3|11|0
938|3673|1971|Technology|low maturity|55239.0|0|1|14-07-2013|59|371335|17079|238926|23693|24540|106423|3|7|105|11|5|0|0|0|0|0|0|3|11|0
941|4128|1962|Medical|growth|56067.0|0|1|20-07-2013|51|517760|12806|54191|16928|6277|120157|2|7|84|7|5|0|0|0|0|0|0|3|11|0
947|8405|1979|Technology|good maturity|68274.0|1|1|30-09-2013|83|135772|25925|51464|23161|25354|46822|2|4|42|5|3|0|0|0|0|0|0|3|11|0
950|7574|1979|Medical|growth|27922.0|1|0|10-05-2014|80|11185|859|13263|2127|4967|11094|1|2|0|3|4|0|0|0|0|0|0|3|11|0
955|10031|1976|Medical|defined processes|16927.0|1|1|10-02-2013|50|20639|2801|23558|3075|1833|4286|5|3|0|4|8|0|0|0|0|0|0|3|11|0
959|9665|1957|Medical|good maturity|54237.0|0|1|27-04-2013|48|267107|3858|30653|4125|466|57697|4|5|42|5|6|0|0|0|0|0|0|3|11|0
963|2456|1975|Medical|defined processes|40233.0|0|1|14-10-2013|84|80485|4202|46411|362|17108|2855|5|2|21|5|6|0|0|0|0|0|0|3|11|0
967|7011|1973|Technology|defined processes|33471.0|1|0|12-10-2012|47|43852|2233|27848|68|9825|12358|3|3|0|4|7|0|0|0|0|0|0|3|11|0
971|1734|1968|Medical|growth|40706.0|2|1|17-01-2013|37|59867|804|11744|4207|2094|5915|4|3|0|4|7|0|0|0|0|0|0|3|11|0
974|9209|1971|Financial|growth|80573.0|0|0|14-10-2012|85|829072|138387|430866|60503|92240|15820|1|4|126|13|2|0|0|0|0|0|0|3|11|0
978|3308|1952|Technology|defined processes|35704.0|1|1|03-01-2014|54|30802|9502|12520|2935|11897|30379|3|2|0|4|4|0|0|0|0|0|0|3|11|0
982|6634|1979|Financial|good maturity|33462.0|1|0|07-08-2013|78|22091|3864|18612|745|143|11877|1|2|0|3|7|0|0|0|0|0|0|3|11|0
986|8164|1978|Medical|defined processes|82170.0|0|0|25-11-2013|13|1023664|93099|651189|49959|55368|37175|1|5|126|7|2|0|0|0|0|0|0|3|11|0
991|9850|1972|Statup|defined processes|24884.0|1|0|29-11-2012|32|3341|6409|7587|728|186|3116|1|0|0|3|7|0|0|0|0|0|0|3|11|0
995|5184|1995|Technology|low maturity|34824.0|0|0|26-03-2014|65|4340|2540|11683|2508|42|4416|1|1|0|2|6|0|0|0|0|0|0|3|11|0
1003|5527|1987|Technology|growth|22434.0|1|0|13-02-2013|25|4279|12833|11625|3708|13468|15837|2|2|0|3|8|0|0|0|0|0|0|3|11|0
1009|6119|1963|Medical|low maturity|36736.0|1|1|10-05-2013|52|10649|471|3456|595|380|4504|1|1|0|2|6|0|0|0|0|0|0|3|11|0
1013|1970|1968|Financial|growth|34053.0|0|1|10-09-2012|14|63140|852|21900|7409|89|12645|1|3|0|3|8|0|0|0|0|0|0|3|11|0
1017|8562|1969|Technology|growth|54165.0|0|0|28-05-2013|72|127831|4713|73605|15687|6607|11678|1|2|21|7|2|0|0|0|0|0|0|3|11|0
1020|5287|1973|Technology|defined processes|34961.0|1|0|19-06-2014|77|45811|2734|26146|4029|1765|1199|3|3|21|3|7|0|0|0|0|0|0|3|11|0
1024|4240|1978|Technology|defined processes|17345.0|1|0|03-11-2012|79|4677|9559|16229|17790|715|12539|2|2|21|2|8|0|0|0|0|0|0|3|11|0
1028|10175|1958|Medical|good maturity|32173.0|0|1|01-08-2013|0|18469|836|2812|235|961|2694|1|1|0|3|4|0|0|0|0|0|0|3|11|0
1033|5263|1977|Statup|defined processes|31056.0|1|0|22-01-2013|99|5142|10782|13960|3230|8587|16110|1|1|0|3|8|0|0|0|0|0|0|3|11|0
1037|67|1972|Financial|low maturity|46423.0|1|1|18-09-2013|6|68963|817|16353|497|316|8092|3|2|0|4|7|0|0|0|0|0|0|3|11|0
1042|10749|1991|Technology|low maturity|8028.0|0|0|18-09-2012|62|73971|18626|66852|7271|12090|2395|15|0|21|0|19|0|0|0|0|0|0|3|11|0
1047|4002|1960|Medical|defined processes|77037.0|0|1|13-10-2013|3|463925|96329|333174|168240|53437|10429|1|7|147|12|3|0|0|0|0|0|0|3|11|0
1055|7290|1985|Technology|low maturity|70596.0|0|0|05-10-2012|68|347305|44512|534629|17709|900|26101|1|3|105|12|2|0|0|0|0|0|0|3|11|0
1058|4507|1952|Technology|low maturity|72228.0|0|0|27-11-2012|87|631946|28320|491072|30444|14486|56933|1|6|147|8|3|0|0|0|0|0|0|3|11|0
1065|4415|1961|Technology|defined processes|16860.0|1|1|12-09-2012|19|10834|4858|4675|3174|3100|14311|3|1|21|3|7|0|0|0|0|0|0|3|11|0
1069|2875|1978|Technology|defined processes|67023.0|0|0|04-03-2014|93|444161|44638|382512|11073|8689|17883|1|3|147|13|2|0|0|0|0|0|1|3|11|0
1072|3807|1955|Technology|growth|59925.0|0|1|30-11-2012|83|473522|21234|176273|19381|21395|56794|3|9|42|9|6|0|0|0|0|0|0|3|11|0
1077|577|1976|Statup|growth|26907.0|1|1|20-08-2013|10|9910|1716|7035|976|3281|2184|2|1|0|3|7|0|0|0|0|0|0|3|11|0
1080|3535|1965|Technology|low maturity|66294.0|0|0|17-03-2014|68|251922|108773|334045|65301|92470|117579|1|4|63|5|2|0|0|0|0|0|0|3|11|0
1086|10914|1970|Technology|low maturity|24163.0|1|1|12-10-2013|3|4188|1759|7948|2103|1603|2068|2|1|0|3|4|0|0|0|0|0|0|3|11|0
1092|4944|1959|Technology|growth|71367.0|0|0|23-08-2013|24|227334|23972|389417|42133|21305|75918|1|4|105|7|2|0|0|0|0|0|0|3|11|0
1095|9964|1979|Technology|low maturity|61825.0|0|1|07-08-2013|56|162545|50498|100791|55348|30463|27768|1|4|42|8|4|0|0|0|0|0|0|3|11|0
1098|1109|1982|Financial|growth|27590.0|1|0|23-04-2013|38|6622|172|5239|617|641|1606|1|1|0|2|7|0|0|0|0|0|0|3|11|0
1102|1545|1986|Technology|defined processes|38508.0|1|0|02-08-2013|95|120833|19036|206060|25212|19231|54110|6|7|42|5|8|0|0|0|0|0|0|3|11|0
1106|6271|1952|Medical|defined processes|50870.0|0|1|19-06-2014|13|53771|363|8478|39|461|2962|1|2|0|3|5|0|0|0|0|0|0|3|11|0
1110|375|1954|Technology|good maturity|76773.0|0|0|25-02-2013|79|516210|56300|449469|86404|33225|16572|1|2|42|11|1|0|0|0|0|0|0|3|11|0
1118|880|1966|Agriculture|growth|22634.0|0|0|16-01-2013|47|2126|23614|11538|8477|6310|46509|1|2|21|2|8|0|0|0|0|0|0|3|11|0
1121|4713|1979|Medical|defined processes|31605.0|1|0|22-11-2012|15|74362|539|42427|2684|1543|6330|2|2|21|4|7|0|0|0|0|0|0|3|11|0
1124|2308|1954|Technology|defined processes|46734.0|0|1|18-11-2012|40|110700|5613|137134|26469|23881|29653|2|6|21|5|7|0|0|0|0|0|0|3|11|0
1128|8977|1985|Agriculture|low maturity|16581.0|0|0|12-01-2013|51|1134|3901|4124|2677|3132|11478|1|0|0|3|4|0|0|0|0|0|0|3|11|0
1135|7613|1974|Statup|growth|49669.0|1|0|24-05-2014|97|166893|5951|107735|11224|8867|29084|2|5|21|6|6|0|0|0|0|0|0|3|11|0
1139|11166|1961|Technology|defined processes|49678.0|0|1|02-02-2013|81|229850|5271|56398|3757|2260|20831|2|6|42|4|7|0|0|0|0|0|0|3|11|0
1142|4066|1978|Statup|good maturity|21282.0|1|0|11-05-2014|76|1558|5965|8510|4422|8901|20187|2|2|21|2|6|0|0|0|0|0|0|3|11|0
1145|4961|1974|Financial|growth|21255.0|1|0|21-01-2014|56|29706|911|25968|2548|2473|3225|4|2|21|4|4|0|0|0|0|0|0|3|11|0
1150|1453|1943|Medical|high maturity|57513.0|0|0|06-07-2013|59|735858|40917|183582|52630|20445|30935|2|9|63|13|6|0|0|0|0|0|0|3|11|0
1154|2613|1960|Financial|defined processes|54197.0|0|1|03-04-2014|16|162744|6191|37051|6737|13820|13788|2|1|63|6|1|0|0|0|0|0|0|3|11|0
1158|7959|1961|Technology|defined processes|79410.0|0|0|29-05-2014|19|658714|80780|483825|123874|13808|13574|1|3|42|5|1|0|0|0|0|0|0|3|11|0
1161|8432|1956|Technology|growth|54450.0|1|1|14-09-2012|0|454547|910|171347|8583|19085|32812|12|9|42|8|8|0|0|0|0|0|0|3|11|0
1165|3598|1972|Technology|defined processes|62710.0|0|1|23-05-2013|53|441413|35478|83904|7286|29689|11933|4|4|42|12|4|0|0|0|0|0|0|3|11|0
1168|10486|1948|Technology|defined processes|77142.0|0|0|29-05-2013|54|476651|75159|162955|29827|151547|97445|1|4|84|8|2|0|0|0|0|0|0|3|11|0
1172|8278|1990|Medical|defined processes|74214.0|0|0|26-08-2012|3|863318|83798|547248|86651|99254|33160|1|8|42|5|5|0|0|0|0|0|0|3|11|0
1176|5907|1952|Financial|defined processes|33444.0|1|1|03-11-2012|24|8221|533|8260|729|396|2181|1|1|0|2|8|0|0|0|0|0|0|3|11|0
1180|359|1950|Technology|growth|48070.0|0|1|13-01-2013|33|373655|14058|83053|6226|9819|19718|3|8|42|6|7|0|0|0|0|0|1|3|11|0
1184|9392|1971|Technology|low maturity|26954.0|1|0|08-05-2014|17|4499|1082|11907|420|124|1120|1|1|0|2|7|0|0|0|0|0|0|3|11|0
1188|4088|1962|Medical|growth|31497.0|0|1|06-12-2012|22|108612|1126|28546|13604|1781|4463|2|3|21|4|8|0|0|0|0|0|0|3|11|0
1193|3515|1952|Technology|low maturity|62307.0|0|1|17-02-2014|94|87430|13425|34833|10616|6457|10670|1|4|0|4|5|0|0|0|0|0|0|3|11|0
1196|2246|1965|Statup|defined processes|46891.0|0|1|01-09-2013|91|43851|12810|23955|29225|15377|61765|1|2|21|4|4|0|0|0|0|0|0|3|11|0
1200|837|1977|Technology|defined processes|54809.0|1|1|11-09-2013|0|63219|6803|57739|13869|13816|22845|4|2|21|5|4|0|0|0|0|0|0|3|11|0
1204|2995|1957|Financial|growth|66636.0|0|0|17-08-2013|64|291776|10619|689242|84869|10875|296|1|3|84|9|1|0|0|0|0|0|0|3|11|0
1211|7192|1955|Technology|growth|65748.0|0|1|15-04-2013|58|172573|73361|93172|95073|78893|34508|2|2|84|10|1|0|0|0|0|0|1|3|11|0
1217|8876|1963|Medical|growth|33629.0|1|1|08-08-2012|49|132933|48|16822|589|562|4910|5|3|21|4|9|0|0|0|0|0|0|3|11|0
1220|10395|1986|Agriculture|low maturity|8940.0|1|0|22-08-2012|25|1536|45637|3845|4734|6232|42606|3|3|21|3|8|0|0|0|0|0|0|3|11|0
1225|257|1959|Medical|defined processes|75032.0|0|1|28-04-2013|74|952208|12506|180246|47446|12425|12813|2|5|84|9|3|0|0|0|0|0|0|3|11|0
1230|6230|1971|Technology|good maturity|44421.0|1|1|15-02-2013|53|110408|5584|59483|7238|1344|7513|5|5|0|4|8|0|0|0|0|0|0|3|11|0
1233|1502|1983|Technology|growth|28427.0|1|0|21-03-2013|67|18348|3806|19170|3907|3856|6339|2|2|0|3|8|0|0|0|0|0|0|3|11|0
1236|4174|1956|Financial|growth|55249.0|0|1|17-04-2014|81|97933|1845|19137|2714|871|11331|1|2|21|4|3|0|0|0|0|0|0|3|11|0
1240|11086|1984|Agriculture|low maturity|25707.0|1|0|18-01-2014|18|1434|6858|2689|3345|6966|3949|1|1|0|3|7|0|0|0|0|0|0|3|11|0
1244|1291|1978|Medical|growth|27683.0|1|0|04-08-2012|90|152780|9579|121359|12245|12921|45318|4|6|42|4|8|0|0|0|0|0|0|3|11|0
1247|803|1968|Technology|growth|40521.0|1|1|05-04-2013|82|12342|779|5446|646|402|4610|1|0|21|2|5|0|0|0|0|0|0|3|11|0
1254|5011|1963|Technology|good maturity|68118.0|0|1|18-10-2013|51|595385|23875|123941|10650|23742|154420|2|8|189|4|6|0|0|0|0|0|0|3|11|0
1267|11114|1970|Technology|growth|19656.0|1|0|08-02-2013|94|25199|4930|9707|6292|8166|32326|3|2|21|3|7|0|0|0|0|0|0|3|11|0
1271|7488|1963|Financial|low maturity|64191.0|0|1|22-01-2013|30|420341|15738|186266|151904|38641|15650|3|5|63|13|3|0|0|0|0|0|0|3|11|0
1277|10637|1964|Technology|defined processes|40800.0|1|2|01-01-2013|77|24910|405|27980|8532|30134|10740|2|3|0|3|7|0|0|0|0|0|1|3|11|0
1283|7384|1951|Financial|growth|39767.0|0|0|21-07-2013|18|113466|61858|204360|34846|26444|47750|2|7|21|7|8|0|0|0|0|0|0|3|11|0
1287|2516|1969|Statup|defined processes|46831.0|1|1|08-06-2013|84|22624|2141|10417|6672|4913|34600|2|1|42|2|4|0|0|0|0|0|0|3|11|0
1291|5068|1971|Technology|low maturity|22804.0|1|0|31-07-2013|75|14783|1962|7713|2718|1029|1247|1|2|0|2|9|0|0|0|0|0|0|3|11|0
1294|2811|1963|Medical|low maturity|48918.0|1|1|12-04-2014|21|52765|723|9605|415|66|1422|2|1|0|4|4|0|0|0|0|0|0|3|11|0
1299|10641|1978|Technology|low maturity|7500.0|1|1|27-12-2012|5|6668|5915|4563|13566|4447|25200|4|2|21|3|6|0|0|0|0|0|0|3|11|0
1303|3099|1970|Technology|good maturity|44267.0|1|1|25-02-2013|48|183716|5069|65795|3318|5626|49257|5|5|42|4|9|0|0|0|0|0|0|3|11|0
1309|6658|1972|Technology|growth|59868.0|0|1|22-07-2013|37|771181|51085|154608|54357|10052|154740|7|11|42|12|6|0|0|0|0|0|0|3|11|0
1312|10260|1965|Financial|growth|45143.0|0|1|26-08-2013|74|202330|5524|74734|11438|5779|14099|3|6|21|5|7|0|0|0|0|0|0|3|11|0
1315|6197|1962|Medical|low maturity|27238.0|1|1|20-04-2013|39|37647|466|17380|948|458|3428|3|3|0|3|9|0|0|0|0|0|0|3|11|0
1318|1920|1972|Technology|defined processes|40321.0|1|1|29-07-2013|59|44561|4107|21089|6626|715|27594|2|3|0|3|7|0|0|0|0|0|0|3|11|0
1321|10377|1958|Financial|growth|46692.0|0|1|06-06-2013|37|170713|6479|97842|24714|12414|88172|3|6|21|5|6|0|0|0|0|0|0|3|11|0
1326|7937|1982|Technology|defined processes|24711.0|0|0|18-04-2014|86|10650|7880|25173|6700|3299|7512|1|3|0|3|7|0|0|0|0|0|0|3|11|0
1330|4832|1979|Technology|defined processes|27244.0|1|0|07-03-2014|84|6155|5094|17512|3639|24472|46024|2|2|42|2|7|0|0|0|0|0|0|3|11|0
1336|9495|1982|Technology|growth|71853.0|0|0|08-05-2013|29|358829|108214|413565|141342|97397|32503|1|2|168|6|1|0|0|0|0|0|0|3|11|0
1341|5510|1977|Financial|defined processes|43263.0|0|1|21-11-2012|2|262850|6247|61190|475|10070|102898|3|5|42|6|5|0|0|0|0|0|0|3|11|0
1345|979|1975|Technology|low maturity|33249.0|1|0|20-02-2013|11|6091|10144|21550|19878|14987|42240|2|2|21|3|6|0|0|0|0|0|0|3|11|0
1350|10590|1956|Medical|growth|76542.0|0|0|30-03-2013|91|794330|73862|573855|499|29538|14489|1|4|168|10|2|0|0|0|0|0|0|3|11|0
1355|3834|1962|Technology|low maturity|69627.0|0|1|17-03-2013|35|231165|161773|215510|171249|30566|53250|2|8|42|11|5|0|0|0|0|0|0|3|11|0
1359|7275|1971|Financial|low maturity|33316.0|1|1|04-10-2013|34|79863|1066|31398|4633|4691|12549|3|2|21|4|6|0|0|0|0|0|0|3|11|0
1363|6181|1950|Statup|growth|52203.0|0|0|31-07-2012|36|488779|21137|238467|56064|108128|28845|1|8|147|11|6|0|0|0|0|0|0|3|11|0
1368|4096|1968|Financial|good maturity|41335.0|1|0|26-12-2013|24|112715|19493|21435|16835|14059|5278|3|4|21|4|7|0|0|0|0|0|0|3|11|0
1371|9140|1960|Statup|growth|50523.0|1|1|25-12-2013|89|51302|4567|24941|4946|7446|1390|2|2|0|4|6|0|0|0|0|0|0|3|11|0
1375|8805|1960|Technology|low maturity|48904.0|0|1|02-12-2012|1|283730|10184|38676|313|13365|27849|4|7|42|4|8|0|0|0|0|0|0|3|11|0
1380|10420|1955|Financial|good maturity|46390.0|0|1|05-05-2014|56|95694|14843|64846|2184|9736|38623|1|4|42|3|7|0|0|0|0|0|0|3|11|0
1383|4345|1964|Statup|low maturity||1|1|12-01-2014|49|5732|1261|9171|2435|389|4174|1|1|0|2|7|0|0|0|0|0|0|3|11|0
1387|8702|1976|Statup|growth|26907.0|1|1|20-08-2013|10|9654|1113|7137|100|3816|2848|2|1|0|3|7|0|0|0|0|0|0|3|11|0
1390|8216|1972|Financial|defined processes|53761.0|1|1|11-10-2013|7|158494|684|76749|13575|7260|71773|6|4|84|3|5|0|0|0|0|0|0|3|11|0
1393|5289|1975|Statup|low maturity|41658.0|1|1|09-11-2012|30|8629|4606|12915|15909|4272|29256|2|1|21|2|4|0|0|0|0|0|0|3|11|0
1396|8663|1974|Technology|good maturity|39996.0|1|1|22-05-2014|85|11885|986|3776|46|895|1940|1|1|0|2|6|0|0|0|0|0|0|3|11|0
1399|10490|1969|Medical|defined processes|51039.0|1|1|10-12-2012|11|100713|64108|79336|65458|399|109514|2|6|42|4|7|0|0|0|0|0|0|3|11|0
1402|2534|1953|Technology|defined processes|37716.0|0|1|21-04-2014|4|97076|1937|41218|6624|2680|41219|2|4|21|3|7|0|0|0|0|0|0|3|11|0
1406|5491|1951|Financial|growth|47352.0|0|1|11-04-2013|70|172237|12671|112437|8239|361|15972|4|6|21|5|7|0|0|0|0|0|0|3|11|0
1410|618|1977|Medical|defined processes|69389.0|0|1|28-09-2012|17|422663|7564|238670|69155|46232|15737|1|7|42|12|4|0|0|0|0|0|0|3|11|0
1415|6376|1979|Technology|low maturity|57537.0|1|0|10-06-2013|83|191768|56369|139843|51385|8865|100928|4|4|63|8|4|0|0|0|0|0|0|3|11|0
1418|5654|1972|Technology|defined processes|36026.0|2|1|16-03-2014|34|20762|4561|10858|6256|4527|17128|2|2|0|3|6|0|0|0|0|0|0|3|11|0
1421|7000|1972|Statup|low maturity|65704.0|0|0|13-10-2013|18|279536|172529|74579|38807|8250|246952|1|2|210|10|1|0|0|0|0|0|0|3|11|0
1425|2428|1970|Technology|defined processes|28164.0|1|0|04-05-2013|23|3323|18626|26533|11325|8745|12545|3|2|0|4|7|0|0|0|0|0|0|3|11|0
1428|8418|1958|Statup|low maturity|38741.0|1|1|30-03-2014|60|7588|10694|17251|8521|6312|13497|2|2|0|3|7|0|0|0|0|0|0|3|11|0
1431|10033|1973|Statup|good maturity|31163.0|1|0|13-02-2014|54|2639|3812|10109|11029|2736|10688|1|1|0|3|6|0|0|0|0|0|0|3|11|0
1436|8588|1961|Technology|defined processes|60544.0|1|1|25-08-2012|92|201912|2917|43573|3217|5675|35674|4|5|21|5|6|0|0|0|0|0|0|3|11|0
1439|3220|1983|Technology|defined processes|39922.0|1|0|14-02-2013|30|29296|12316|59622|19031|1232|36529|2|3|0|4|8|0|0|0|0|0|0|3|11|0
1445|4682|1958|Technology|defined processes|51876.0|0|0|15-10-2013|88|99600|27110|102547|28651|48677|6796|1|2|42|8|1|0|0|0|0|0|0|3|11|0
1449|1927|1973|Statup|growth|69401.0|0|1|23-03-2014|41|399889|27412|159985|58776|8903|39662|4|4|84|5|2|0|0|0|0|0|0|3|11|0
1453|5975|1967|Medical|low maturity|40304.0|1|0|30-09-2013|82|37291|687|17599|640|506|3517|1|2|0|3|7|0|0|0|0|0|0|3|11|0
1457|2157|1972|Technology|growth|26290.0|1|1|12-01-2013|49|15899|8699|16434|11628|5129|22691|4|2|0|4|6|0|0|0|0|0|0|3|11|0
1464|5074|1986|Financial|defined processes|28072.0|1|0|08-07-2013|10|30461|979|10618|2439|565|5281|1|1|0|3|7|0|0|0|0|0|0|3|11|0
1468|7196|1950|Medical|defined processes|41145.0|1|1|08-02-2014|20|9083|350|3902|673|67|1927|1|0|0|3|3|0|0|0|0|0|0|3|11|0
1471|4864|1977|Technology|defined processes|34380.0|1|0|02-05-2013|68|72685|7371|58100|13572|1715|24625|4|4|21|3|8|0|0|0|0|0|0|3|11|0
1475|3697|1954|Technology|growth|39898.0|0|1|12-02-2013|20|69676|8809|26342|12750|7744|12277|2|3|0|4|7|0|0|0|0|0|0|3|11|0
1478|5286|1987|Financial|low maturity|41020.0|0|0|28-10-2013|68|112414|1473|54604|7372|7751|36363|1|3|42|4|3|0|0|0|0|0|0|3|11|0
1482|3102|1981|Statup|growth|19414.0|1|0|16-10-2013|32|2605|3415|12855|3598|5963|7122|1|1|0|3|8|0|0|0|0|0|0|3|11|0
1485|9988|1976|Financial|low maturity|70379.0|0|1|03-03-2013|84|553494|25660|142830|65816|67184|8199|3|6|63|13|4|0|0|0|0|0|0|3|11|0
1491|7494|1950|Medical|good maturity|42873.0|1|1|21-01-2013|11|209058|381|40238|3615|2507|15592|4|6|21|4|8|0|0|0|0|0|0|3|11|0
1495|10770|1959|Technology|defined processes|65492.0|0|0|26-01-2014|73|247209|161488|295461|210357|85714|47813|2|4|147|13|2|0|0|0|0|0|0|3|11|0
1499|6318|1988|Technology|defined processes|68487.0|0|0|13-01-2013|48|758973|12299|385670|33579|89493|89021|1|9|147|13|4|0|0|0|0|0|0|3|11|0
1503|3594|1973|Financial|defined processes|54108.0|1|1|05-11-2012|74|539137|6155|91348|8109|6935|97640|13|8|42|9|8|0|0|0|0|0|0|3|11|0
1509|10128|1958|Technology|growth|53977.0|0|1|08-06-2013|21|620932|16867|165240|585|24269|82828|5|5|105|12|5|0|0|0|0|0|0|3|11|0
1512|9451|1965|Technology|defined processes|73538.0|0|1|25-11-2012|92|811334|76387|428095|99289|137655|107517|3|10|84|9|7|0|0|0|0|0|0|3|11|0
1516|1490|1962|Technology|defined processes|55759.0|0|1|28-11-2012|84|675068|360|85068|10163|7970|77683|5|10|63|8|8|0|0|0|0|0|0|3|11|0
1521|8643|1971|Technology|growth|69930.0|0|0|26-05-2013|21|252864|98826|827346|219252|70960|196676|1|4|105|12|3|0|0|0|0|0|0|3|11|0
1524|11110|1973|Technology|low maturity|3502.0|1|0|13-04-2013|56|2769|1452|1974|939|865|1930|0|0|0|0|14|0|0|0|0|0|0|3|11|0
1527|7998|1958|Technology|growth|28087.0|1|1|11-12-2012|77|53407|8172|17275|13860|27|21125|3|2|42|2|7|0|0|0|0|0|0|3|11|0
1534|3745|1988|Statup|defined processes|23331.0|1|0|04-09-2012|92|5573|36822|7141|556|10188|45958|2|3|0|3|8|0|0|0|0|0|0|3|11|0
1539|8920|1967|Financial|low maturity|59235.0|1|0|12-01-2013|4|448924|40204|469585|80707|141|91961|3|11|42|12|7|0|0|0|0|0|0|3|11|0
1542|528|1978|Technology|defined processes|65819.0|0|0|29-11-2012|99|267658|38966|701954|149501|165334|63076|1|5|84|10|3|0|0|0|0|0|0|3|11|0
1545|10212|1986|Financial|growth|42386.0|1|0|13-01-2013|43|65399|4581|16439|200|4317|11197|1|3|0|3|8|0|0|0|0|0|0|3|11|0
1549|2217|1975|Statup|defined processes|37284.0|1|1|29-03-2013|46|11592|1069|2901|2131|1715|6233|1|0|0|3|6|0|0|0|0|0|0|3|11|0
1552|8091|1956|Technology|defined processes|63943.0|0|1|02-09-2012|50|423645|184971|368181|13602|97222|21771|1|6|84|6|5|0|0|0|0|0|0|3|11|0
1557|4037|1976|Technology|good maturity|31859.0|1|0|14-06-2013|77|3388|1515|3484|8025|600|5613|1|1|0|2|7|0|0|0|0|0|0|3|11|0
1560|5424|1983|Technology|defined processes|39922.0|1|0|14-02-2013|30|29044|12709|59675|19093|1760|36095|2|3|0|4|8|0|0|0|0|0|0|3|11|0
1563|4828|1954|Technology|good maturity|79865.0|0|1|18-06-2014|12|71150|99173|278493|185843|121556|38195|1|5|210|5|1|0|0|0|0|0|0|3|11|0
1567|4390|1954|Technology|growth|75315.0|0|1|15-04-2014|14|459180|15672|171354|142190|23082|31556|2|5|84|12|2|0|0|0|0|0|0|3|11|0
1573|8135|1986|Financial|defined processes|27161.0|1|0|28-10-2013|41|7319|4825|23297|7235|859|11043|1|1|0|3|7|0|0|0|0|0|0|3|11|0
1579|6257|1976|Financial|low maturity|60482.0|0|1|23-01-2013|81|255760|43385|134238|37273|14914|24400|1|7|42|7|7|0|0|0|0|0|0|3|11|0
1582|3503|1950|Technology|good maturity|82460.0|0|0|02-12-2013|78|255602|47256|573810|52469|32585|15928|1|5|63|6|1|0|0|0|0|0|0|3|11|0
1588|5892|1980|Technology|defined processes|34968.0|1|0|10-04-2013|11|158629|6489|45889|8104|2653|2233|7|3|42|5|7|0|0|0|0|0|0|3|11|0
1593|2262|1965|Financial|growth|45143.0|0|1|26-08-2013|74|202642|5749|74591|11457|5117|14704|3|6|21|5|7|0|0|0|0|0|0|3|11|0
1598|7022|1971|Technology|defined processes|76445.0|1|0|28-09-2012|2|739925|107056|309210|140457|80817|35469|1|2|105|13|6|0|0|0|0|0|0|3|11|0
1603|800|1960|Technology|growth|44512.0|1|1|30-08-2013|57|23535|1078|6666|808|183|2867|2|1|0|3|4|0|0|0|0|0|0|3|11|0
1606|8969|1977|Technology|defined processes|71855.0|0|1|16-01-2013|59|548460|31399|422746|268|112667|28767|4|5|105|11|3|0|0|0|0|0|0|3|11|0
1610|6729|1988|Technology|low maturity|68655.0|0|0|10-08-2012|95|456657|19902|832613|75497|118656|38608|1|4|105|11|3|0|0|0|0|0|0|3|11|0
1615|10099|1984|Technology|defined processes|55434.0|1|0|05-10-2013|21|238503|115469|215289|169635|69117|76164|3|5|63|13|4|0|0|0|0|0|0|3|11|0
1618|3011|1965|Technology|defined processes|69139.0|0|1|27-01-2014|23|86541|12906|75479|33088|15794|6311|1|4|21|5|4|0|0|0|0|0|0|3|11|0
1622|5120|1982|Statup|growth|66664.0|0|0|25-09-2012|78|398328|96380|447038|220978|96144|32918|1|5|147|6|3|0|0|0|0|0|0|3|11|0
1625|7408|1952|Medical|defined processes|54549.0|0|1|03-03-2014|8|216091|2112|6845|427|165|9122|2|5|21|4|7|0|0|0|0|0|0|3|11|0
1629|3276|1976|Statup|growth|36301.0|1|0|25-10-2013|53|11657|12706|35918|3331|5690|12846|1|3|0|3|7|0|0|0|0|0|0|3|11|0
1632|3783|1959|Medical|defined processes|52854.0|1|1|24-03-2014|43|105861|370|10844|128|1691|657|2|2|21|4|5|0|0|0|0|0|0|3|11|0
1635|3427|1955|Medical|defined processes|59821.0|0|1|12-04-2013|11|629563|444|70490|301|839|35024|6|11|42|7|8|0|0|0|0|0|0|3|11|0
1638|10785|1969|Technology|defined processes|44078.0|1|1|19-06-2014|17|24084|1918|10351|2293|154|4107|2|2|0|3|5|0|0|0|0|0|0|3|11|0
1642|6575|1981|Technology|growth|56386.0|1|1|27-10-2012|51|230637|48806|214303|13093|32367|75415|8|9|21|7|9|0|0|0|0|0|0|3|11|0
1645|10141|1960|Financial|good maturity|39228.0|0|0|10-05-2013|1|7168|1053|6299|521|3973|3433|1|0|0|3|4|0|0|0|0|0|0|3|11|0
1650|8079|1982|Technology|defined processes|22448.0|1|0|26-02-2014|86|3621|1908|8859|23720|2489|18685|3|2|21|3|3|0|0|0|0|0|0|3|11|0
1655|1834|1978|Financial|low maturity|35544.0|1|0|08-03-2014|77|30037|5500|23531|4184|1886|4166|1|2|0|3|7|0|0|0|0|0|0|3|11|0
1658|1378|1972|Statup|growth|50334.0|0|1|24-07-2013|24|284782|16756|160838|84876|16187|134499|6|7|84|6|6|0|0|0|0|0|0|3|11|0
1662|6457|1976|Technology|good maturity|64892.0|0|1|29-05-2014|77|527651|24745|230350|32799|24425|65157|2|6|84|12|4|0|0|0|0|0|0|3|11|0
1665|6437|1985|Statup|low maturity|41473.0|1|0|19-06-2013|80|21050|8729|20145|15605|3437|9842|1|2|0|3|7|0|0|0|0|0|0|3|11|0
1668|5299|1970|Medical|defined processes|69084.0|1|0|19-11-2013|43|1181129|107278|199396|39711|30238|30536|2|7|63|13|8|0|0|0|0|0|0|3|11|0
1675|4712|1991|Statup|growth|20193.0|0|0|28-11-2012|18|8394|8986|22519|24201|11653|9453|1|1|21|4|4|0|0|0|0|0|0|3|11|0
1678|4065|1976|Medical|defined processes|49544.0|1|0|12-02-2013|0|308755|943|73555|357|932|23243|2|5|21|8|7|0|0|0|0|0|0|3|11|0
1682|2156|1955|Medical|defined processes|22554.0|1|1|03-11-2012|38|27442|533|10333|371|89|4231|4|2|0|4|5|0|0|0|0|0|0|3|11|0
1685|7947|1969|Technology|defined processes|42231.0|1|1|25-03-2014|99|24098|741|8466|45|1512|4284|1|1|0|3|5|0|0|0|0|0|0|3|11|0
1690|7397|1951|Technology|low maturity|49090.0|0|1|19-07-2013|45|494401|5477|82763|7500|341|100610|3|7|42|9|7|0|0|0|0|0|0|3|11|0
1693|10398|1981|Statup|low maturity|24336.0|1|0|27-08-2012|82|1593|6559|2912|8520|2280|12399|1|1|0|2|7|0|0|0|0|0|0|3|11|0
1696|1890|1971|Statup|growth|42033.0|1|1|19-09-2012|95|11817|1711|4025|2052|219|7487|1|1|0|2|7|0|0|0|0|0|0|3|11|0
1700|8852|1976|Technology|defined processes|61064.0|0|1|31-08-2012|80|387971|126086|342139|707|45421|180617|5|8|84|11|6|0|0|0|0|0|0|3|11|0
1703|1958|1973|Medical|growth|55012.0|0|1|21-03-2014|85|582420|121|65941|438|411|13158|6|8|42|9|5|0|0|0|0|0|0|3|11|0
1708|7732|1978|Technology|defined processes|64813.0|1|0|02-01-2014|81|293842|31|124353|179421|97837|52150|1|7|42|10|5|0|0|0|0|0|0|3|11|0
1714|4055|1992|Agriculture|low maturity|18746.0|1|0|29-05-2014|41|2768|10132|11401|12097|9657|20251|2|3|0|3|6|0|0|0|0|0|0|3|11|0
1717|7629|1977|Technology|defined processes|22108.0|1|1|08-05-2014|46|5641|3718|9321|6153|2057|6921|2|2|0|3|7|0|0|0|0|0|0|3|11|0
1727|1744|1965|Agriculture|low maturity|23529.0|0|1|07-01-2013|67|9436|7775|13319|3574|2629|20385|1|1|21|2|6|0|0|0|0|0|0|3|11|0
1730|8605|1964|Medical|growth|46910.0|1|1|23-03-2014|36|48604|952|14967|367|272|6120|2|2|0|3|6|0|0|0|0|0|0|3|11|0
1735|10092|1954|Technology|good maturity|70044.0|0|1|18-02-2013|46|1073768|388|250409|153896|14286|14541|4|7|210|5|5|0|0|0|0|0|0|3|11|0
1741|7610|1983|Technology|growth|37292.0|1|0|18-04-2013|32|275326|725|86345|10239|23539|66696|5|6|63|5|8|0|0|0|0|0|0|3|11|0
1746|10250|1947|Agriculture|growth|28389.0|0|0|20-11-2012|49|1634|5833|3927|7853|4880|8836|1|1|0|2|7|0|0|0|0|0|0|3|11|0
1751|7807|1974|Technology|defined processes|44989.0|0|1|12-09-2012|26|98607|694|106802|49035|10331|106193|5|5|21|5|6|0|0|0|0|0|0|3|11|0
1755|5394|1979|Agriculture|low maturity|16014.0|1|1|17-03-2013|42|3085|9446|4321|7623|8668|7308|4|1|21|4|3|0|0|0|0|0|0|3|11|0
1759|5883|1972|Technology|defined processes|77981.0|1|0|26-05-2013|78|138417|120904|204312|16209|126163|60274|3|7|84|7|5|0|0|0|0|0|0|3|11|0
1762|6616|1975|Technology|growth|59481.0|0|1|23-10-2013|47|178915|3635|85937|71463|66810|58278|2|3|63|8|2|0|0|0|0|0|0|3|11|0
1765|9167|1956|Technology|defined processes|67131.0|0|1|26-03-2013|72|465089|71661|250102|93675|35127|62629|3|9|42|12|6|0|0|0|0|0|0|3|11|0
1768|8312|1961|Agriculture|defined processes|28249.0|0|0|15-06-2014|80|1242|9796|7645|2719|14394|10750|1|2|0|3|6|0|0|0|0|0|0|3|11|0
1773|8584|1952|Medical|growth|85431.0|0|0|08-06-2013|54|376814|53776|462868|168801|53901|53827|1|2|147|7|0|0|0|0|0|0|0|3|11|0
1777|164|1977|Medical|defined processes|28973.0|0|0|13-10-2012|59|206592|239|46910|3086|2495|12644|2|5|21|5|8|0|0|0|0|0|0|3|11|0
1780|5150|1979|Agriculture|low maturity|20194.0|1|0|17-12-2012|64|617|4115|7411|11032|10852|15115|2|2|0|3|6|0|0|0|0|0|0|3|11|0
1783|10678|1959|Technology|growth|71232.0|0|1|28-11-2013|91|653705|17864|170029|34561|26151|17741|2|11|42|10|7|0|0|0|0|0|0|3|11|0
1787|8008|1983|Technology|growth|36075.0|1|0|09-12-2013|54|46286|564|30944|12953|1024|30112|1|2|0|4|6|0|0|0|0|0|0|3|11|0
1790|1419|1950|Technology|growth|34026.0|1|1|05-08-2013|11|18222|6720|15882|12958|8244|17244|3|2|21|3|5|0|0|0|0|0|0|3|11|0
1795|10691|1960|Financial|defined processes|28520.0|1|1|14-06-2013|55|11878|341|10867|324|2476|20793|1|1|21|2|6|0|0|0|0|0|0|3|11|0
1799|762|1981|Statup|growth|75774.0|1|0|02-05-2014|27|340953|21687|134313|258904|14751|56913|1|7|105|8|4|0|0|0|0|0|0|3|11|0
1805|9284|1958|Technology|growth|53977.0|0|1|08-06-2013|21|620751|16450|165963|611|24804|82684|5|5|105|12|5|0|0|0|0|0|0|3|11|0
1810|5513|1966|Technology|growth|37758.0|1|1|04-10-2012|49|27054|2219|10506|808|887|1892|2|1|0|3|8|0|0|0|0|0|0|3|11|0
1815|2549|1983|Medical|growth|21840.0|1|0|21-07-2013|80|17485|808|9574|906|689|1837|1|1|0|3|9|0|0|0|0|0|0|3|11|0
1821|5684|1971|Financial|good maturity|44635.0|1|1|11-10-2013|25|56203|161|9886|978|679|3871|2|2|0|3|7|0|0|0|0|0|0|3|11|0
1824|1440|1978|Statup|growth|52513.0|0|0|04-09-2012|84|367589|17100|241155|104317|188145|232518|2|9|105|9|7|0|0|0|0|0|0|3|11|0
1828|4687|1958|Financial|defined processes|80739.0|0|0|23-05-2013|92|674303|92983|736690|39802|404|92567|1|3|231|9|1|0|0|0|0|0|0|3|11|0
1832|7129|1962|Medical|defined processes|54693.0|0|1|17-02-2013|72|686521|17838|142457|23549|26284|35106|8|6|84|13|6|0|0|0|0|0|0|3|11|0
1836|7849|1970|Medical|defined processes|80336.0|0|0|09-09-2013|12|209366|19941|456131|160371|142625|66188|1|2|189|13|1|0|0|0|0|0|0|3|11|0
1842|7419|1968|Financial|good maturity|27071.0|1|0|23-04-2014|90|8932|3924|19775|630|2380|3575|2|2|0|3|6|0|0|0|0|0|0|3|11|0
1846|9931|1963|Medical|defined processes|4023.0|1|1|23-06-2014|29|5792|576|1079|1530|1278|1304|15|0|0|0|19|0|0|0|0|0|0|3|11|0
1849|5010|1988|Technology|low maturity|25008.0|1|0|02-02-2014|72|2116|8091|8172|6128|1048|9631|2|1|0|3|8|0|0|0|0|0|0|3|11|0
1856|6710|1951|Financial|low maturity|58217.0|2|1|17-11-2012|84|68121|1599|13538|3714|5832|13913|1|2|0|4|6|0|0|0|0|0|0|3|11|0
1859|521|1985|Technology|growth|54006.0|1|0|18-09-2012|42|174699|77916|203203|6657|24616|97545|2|8|21|7|7|0|0|0|0|0|0|3|11|0
1862|1630|1979|Technology|low maturity|61825.0|0|1|07-08-2013|56|162385|50563|100279|55226|30597|27274|1|4|42|8|4|0|0|0|0|0|0|3|11|0
1867|9467|1984|Technology|low maturity|34738.0|1|0|11-05-2014|51|3795|2268|10724|3282|130|2741|1|1|0|3|6|0|0|0|0|0|0|3|11|0
1871|8602|1964|Technology|good maturity|69932.0|0|1|12-06-2013|97|412654|172449|153903|150106|105524|57818|2|7|126|11|4|0|0|0|0|0|0|3|11|0
1874|4796|1952|Technology|good maturity|49638.0|0|1|19-04-2014|71|18265|10303|3703|3081|5932|552|1|1|0|3|2|0|0|0|0|0|0|3|11|0
1879|3426|1975|Technology|good maturity|70300.0|1|0|15-07-2013|89|1045499|61933|338985|60898|46147|46726|3|5|105|13|8|0|0|0|0|0|0|3|11|0
1885|10702|1984|Technology|low maturity|52413.0|1|0|03-11-2012|67|185385|8149|133511|56048|56392|12034|2|7|21|7|7|0|0|0|0|0|0|3|11|0
1890|2747|1988|Medical|defined processes|67546.0|0|0|31-08-2012|90|864143|134575|768203|150110|38560|172817|1|4|210|5|3|0|0|0|0|0|0|3|11|0
1895|3578|1949|Technology|good maturity|49160.0|0|1|20-10-2013|29|122147|21687|43187|25526|10871|15381|2|3|21|6|6|0|0|0|0|0|0|3|11|0
1900|10789|1964|Medical|defined processes|45759.0|1|1|23-02-2013|13|42720|1033|18453|3909|638|4059|2|2|0|3|7|0|0|0|0|0|0|3|11|0
1903|2337|1971|Technology|good maturity|29819.0|1|0|24-10-2013|77|9266|1075|24192|2030|1222|2832|3|3|0|3|6|0|0|0|0|0|0|3|11|0
1907|10680|1986|Technology|growth|33235.0|1|0|05-02-2014|71|45569|620|16106|2275|1568|6461|1|3|0|3|7|0|0|0|0|0|0|3|11|0
1912|6417|1971|Financial|growth|80573.0|0|0|14-10-2012|85|829388|138830|430060|60391|92830|15494|1|4|126|13|2|0|0|0|0|0|0|3|11|0
1917|4385|1981|Medical|low maturity|36038.0|1|0|31-05-2013|82|23901|680|15889|412|2148|7240|2|3|0|3|6|0|0|0|0|0|0|3|11|0
1920|2546|1977|Statup|low maturity|31878.0|0|1|22-06-2014|7|23251|4124|5231|10987|5169|23048|1|1|0|4|3|0|0|0|0|0|0|3|11|0
1925|3112|1977|Financial|defined processes|22701.0|1|0|05-09-2013|2|2773|4755|9049|789|4744|5312|1|1|0|3|5|0|0|0|0|0|0|3|11|0
1930|5734|1974|Medical|defined processes|61917.0|1|1|20-11-2013|83|46322|4134|36216|2779|2557|1818|1|2|0|4|5|0|0|0|0|0|0|3|11|0
1933|7007|1968|Financial|defined processes|29543.0|2|0|01-04-2014|47|17515|3932|18322|3432|4904|18805|2|3|21|2|7|0|0|0|0|0|0|3|11|0
1938|9291|1959|Financial|defined processes|34242.0|0|1|23-03-2014|25|8103|2389|4733|66|227|1280|1|0|0|3|5|0|0|0|0|0|0|3|11|0
1942|5393|1977|Technology|low maturity|23763.0|1|0|07-08-2012|64|22098|806|6465|6781|2817|6666|1|1|0|3|7|0|0|0|0|0|0|3|11|0
1945|10868|1951|Technology|high maturity|70792.0|0|0|06-02-2013|82|344985|45869|654884|104193|11304|114649|2|3|84|10|3|0|0|0|0|0|0|3|11|0
1949|9955|1954|Technology|growth|39898.0|0|1|12-02-2013|20|69549|8363|26946|12289|7455|12819|2|3|0|4|7|0|0|0|0|0|0|3|11|0
1952|3434|1951|Technology|low maturity|80872.0|0|0|12-05-2014|60|483210|72745|567661|94185|12436|108706|1|4|84|10|1|0|0|0|0|0|0|3|11|0
1956|8514|1976|Technology|growth|29478.0|1|0|17-01-2014|59|8336|760|7963|3686|1853|1522|1|1|0|3|6|0|0|0|0|0|0|3|11|0
1962|6355|1978|Technology|defined processes|44359.0|1|1|17-06-2014|19|20908|406|14106|7275|3077|1316|3|2|0|4|3|0|0|0|0|0|0|3|11|0
1966|7165|1972|Technology|growth|64474.0|0|1|22-10-2013|59|381184|35325|172178|56084|86552|93416|2|8|42|10|5|0|0|0|0|0|0|3|11|0
1974|8360|1971|Statup|defined processes|54690.0|1|1|07-11-2013|76|111184|16278|37922|7207|9061|18833|3|3|21|5|3|0|0|0|0|0|0|3|11|0
1977|4867|1968|Medical|low maturity|38236.0|1|1|20-09-2013|2|58176|649|18031|2585|819|10716|4|3|0|4|7|0|0|0|0|0|0|3|11|0
1984|1406|1975|Technology|low maturity|53201.0|1|1|12-02-2013|49|280333|7039|81451|20079|617|27301|8|6|63|5|7|0|0|0|0|0|0|3|11|0
1987|4552|1991|Technology|defined processes|51373.0|0|0|22-06-2013|37|83785|2692|101875|64870|26641|117239|1|3|105|3|4|0|0|0|0|0|0|3|11|0
1991|8212|1971|Financial|defined processes|39791.0|0|1|28-03-2013|89|85910|15722|27953|13580|13219|21770|2|3|21|4|7|0|0|0|0|0|0|3|11|0
1999|176|1980|Statup|low maturity|67506.0|0|1|02-01-2014|73|90238|38329|67588|33238|36460|67936|1|4|21|6|3|0|0|0|0|0|0|3|11|0
2003|6679|1966|Technology|low maturity|33279.0|0|0|12-06-2014|29|10335|3278|3980|116|207|347|1|0|0|3|3|0|0|0|0|0|0|3|11|0
2006|3599|1970|Technology|defined processes|63684.0|0|1|26-11-2012|61|575179|80092|428930|208788|93116|80178|3|8|84|8|5|0|0|0|0|0|0|3|11|0
2010|2002|1958|Technology|good maturity|71964.0|0|0|20-05-2013|81|587917|51078|932852|180036|34050|86897|1|5|126|5|3|0|0|0|0|0|0|3|11|0
2015|4102|1975|Statup|defined processes|37284.0|1|1|29-03-2013|46|11493|1237|2056|2600|1095|6917|1|0|0|3|6|0|0|0|0|0|0|3|11|0
2019|2375|1972|Technology|growth|30261.0|1|2|25-09-2012|75|8162|688|5643|318|3558|6191|1|0|0|3|8|0|0|0|0|0|0|3|11|0
2022|4954|1956|Technology|defined processes|48195.0|1|1|21-01-2014|53|106895|27131|68804|52248|7987|5415|6|4|42|5|6|0|0|0|0|0|0|3|11|0
2025|9423|1979|Financial|defined processes|32765.0|1|0|23-02-2014|49|13191|3841|17723|7388|3942|3636|2|2|0|4|5|0|0|0|0|0|0|3|11|0
2029|10001|1985|Statup|growth|7500.0|1|0|01-08-2012|98|5636|17252|17723|13075|14048|34464|4|2|21|3|9|0|0|0|0|0|0|3|11|0
2033|3491|1975|Technology|growth|55914.0|0|1|29-04-2013|32|384051|60839|364408|119047|101869|232787|4|11|126|8|7|0|0|0|0|0|0|3|11|0
2037|5872|1951|Technology|low maturity|60689.0|0|1|01-06-2013|23|240832|90492|216435|63951|6837|24654|4|4|84|10|3|0|0|0|0|0|0|3|11|0
2041|4974|1970|Technology|low maturity|83273.0|1|2|25-09-2012|98|433706|89331|650615|16573|102423|102419|10|4|126|9|7|0|0|0|0|0|0|3|11|0
2044|4095|1971|Technology|defined processes|37150.0|1|0|11-09-2012|80|167227|37311|64287|49268|34420|116498|8|4|63|6|7|0|0|0|0|0|0|3|11|0
2049|2079|1947|Statup|defined processes|81044.0|0|0|27-12-2013|0|450345|26360|535678|73494|98222|26648|1|5|126|10|1|0|0|0|0|0|0|3|11|0
2053|10509|1955|Financial|low maturity|36927.0|1|1|02-06-2014|46|51970|772|16126|781|858|4031|2|3|0|3|8|0|0|0|0|0|0|3|11|0
2056|7441|1973|Technology|good maturity|71128.0|1|0|06-10-2012|80|958982|159476|447807|20575|860|31175|3|2|210|12|7|0|0|0|0|0|0|3|11|0
2059|7187|1969|Financial|growth||1|1|18-05-2013|52|375494|42702|48361|94256|66613|96311|7|4|210|4|3|0|0|0|0|0|0|3|11|0
2062|2345|1982|Medical|growth|70038.0|0|0|25-10-2013|54|587707|54599|348515|71356|54274|130023|1|4|84|8|2|0|0|0|0|0|0|3|11|0
2065|123|1951|Technology|high maturity|67046.0|0|1|06-01-2013|92|544703|35840|133264|23047|151900|107660|2|4|105|4|2|0|0|0|0|0|0|3|11|0
2068|10500|1984|Technology|defined processes|31761.0|1|0|05-04-2014|96|19174|1434|20643|16055|14435|28189|2|3|0|4|5|0|0|0|0|0|0|3|11|0
2071|2712|1956|Technology|defined processes|71866.0|0|1|25-12-2013|85|184219|178973|178939|103834|39049|33292|1|6|63|10|3|0|0|0|0|0|0|3|11|0
2076|6958|1977|Financial|defined processes|27889.0|1|0|05-07-2013|42|14490|223|4243|49|946|8739|1|1|21|2|6|0|0|0|0|0|0|3|11|0
2079|10339|1954|Financial|growth||0|1|23-06-2013|83|161499|91|22615|441|168|24863|2|4|21|4|6|0|0|0|0|0|0|3|11|0
2082|6497|1960|Technology|defined processes|51651.0|0|1|07-11-2012|32|293773|6828|23501|13829|6310|92535|4|6|42|5|8|0|0|0|0|0|0|3|11|0
2086|2802|1992|Statup|defined processes|87000.0|0|0|15-12-2012|61|196338|25793|607168|67547|17913|49715|1|4|126|7|2|0|0|0|0|0|0|3|11|0
2091|2686|1969|Agriculture|growth|22390.0|0|0|21-10-2013|49|228|1671|4518|15859|1830|5800|1|1|0|2|7|0|0|0|0|0|0|3|11|0
2096|7428|1975|Technology|growth|80144.0|0|0|30-09-2013|47|240277|132556|445192|250197|192579|108707|1|3|147|8|1|0|0|0|0|0|0|3|11|0
2101|6544|1949|Medical|growth|67911.0|0|1|22-05-2014|63|529798|834|356216|63364|28504|967|3|6|147|11|3|0|0|0|0|0|0|3|11|0
2106|6183|1962|Financial|defined processes|58646.0|0|1|10-06-2013|3|62568|1859|44114|6586|5194|22627|1|2|21|4|4|0|0|0|0|0|0|3|11|0
2112|11091|1953|Technology|growth|34587.0|1|1|16-05-2014|68|7112|2199|9565|2950|440|2341|2|1|0|3|4|0|0|0|0|0|0|3|11|0
2115|9907|1969|Financial|growth|66476.0|0|1|04-12-2013|80|742320|28209|152467|25073|9726|57910|2|6|168|10|4|0|0|0|0|0|0|3|11|0
2118|6262|1962|Financial|low maturity|72217.0|0|0|10-04-2013|93|816414|42602|450164|55133|56462|154762|1|3|210|8|2|0|0|0|0|0|0|3|11|0
2121|10067|1976|Statup|growth|25176.0|1|1|10-08-2013|79|4392|695|4283|177|670|5692|1|1|0|2|7|0|0|0|0|0|0|3|11|0
2126|2493|1966|Technology|defined processes|61286.0|0|1|02-08-2013|34|356570|834|107478|19881|9665|117382|2|7|21|8|5|0|0|0|0|0|0|3|11|0
2132|11181|1949|Medical|defined processes|156924.0|0|0|29-08-2013|85|2042|1689|2043|1823|1809|1536|0|0|0|0|0|0|0|0|0|0|0|3|11|0
2135|10127|1965|Technology|defined processes|58692.0|0|1|06-04-2014|21|301592|11892|61082|4706|7498|11191|1|8|42|4|7|0|0|0|0|0|0|3|11|0
2140|10432|1974|Technology|good maturity|19346.0|1|0|30-01-2014|26|2433|219|9032|3458|6125|2403|1|1|0|3|8|0|0|0|0|0|0|3|11|0
2143|9727|1957|Technology|defined processes|23539.0|0|0|28-02-2014|13|4913|24524|11801|16568|1739|25103|1|2|0|4|6|0|0|0|0|0|0|3|11|0
2148|7873|1973|Medical|growth|63516.0|1|1|06-07-2013|30|141795|11080|114075|15745|14080|5333|4|4|21|7|5|0|0|0|0|0|0|3|11|0
2152|9481|1976|Technology|defined processes|17148.0|1|0|28-01-2014|80|9881|9177|11095|13524|10866|16580|4|3|21|3|8|0|0|0|0|0|0|3|11|0
2156|8726|1964|Statup|good maturity|41713.0|1|1|29-04-2014|57|77268|8259|44933|10946|10224|25193|5|3|21|4|6|0|0|0|0|0|0|3|11|0
2161|902|1980|Technology|growth|62994.0|1|0|04-03-2014|74|224121|12887|48198|4113|12570|12498|1|6|42|4|6|0|0|0|0|0|0|3|11|0
2165|9706|1974|Medical|low maturity|31560.0|1|0|24-06-2013|98|62622|1248|20914|4364|347|7886|2|2|21|3|8|0|0|0|0|0|0|3|11|0
2172|4084|1975|Technology|growth|60934.0|0|1|17-01-2014|41|224932|155713|155532|192121|93291|54179|2|6|84|11|4|0|0|0|0|0|0|3|11|0
2177|492|1973|Medical|none maturity|48432.0|0|1|18-10-2012|3|322759|3277|50521|4839|3342|42906|5|7|21|6|8|0|0|0|0|0|0|3|11|0
2182|3266|1964|Technology|defined processes|42523.0|0|0|23-04-2014|96|14158|36899|11597|3023|26034|35808|1|1|21|4|2|0|0|0|0|0|0|3|11|0
2188|10652|1957|Financial|growth|65487.0|0|0|10-01-2014|48|240326|67470|500284|199528|957|163768|3|3|105|6|2|0|0|0|0|0|0|3|11|0
2192|7990|1947|Technology|defined processes|27469.0|0|0|02-08-2012|2|9340|1353|2855|3782|2272|791|1|0|0|3|6|0|0|0|0|0|0|3|11|0
2199|9014|1975|Technology|defined processes|37085.0|1|1|26-06-2014|65|39494|1074|16191|2912|947|3879|4|3|0|3|8|0|0|0|0|0|0|3|11|0
2203|2736|1978|Technology|defined processes|73807.0|0|1|02-01-2013|88|366826|124523|156397|71144|78637|54368|2|5|105|11|2|0|0|0|0|0|0|3|11|0
2206|1092|1980|Technology|defined processes|61014.0|0|1|11-08-2012|17|269738|129203|495650|182424|43847|29489|4|9|63|4|7|0|0|0|0|0|0|3|11|0
2210|607|1955|Statup|good maturity|41769.0|0|1|13-02-2013|31|302730|29658|131603|32978|53|27610|6|8|21|7|8|0|0|0|0|0|0|3|11|0
2213|3661|1995|Statup|low maturity|80617.0|0|0|12-10-2012|42|594468|51668|631965|72530|55848|32376|1|4|126|8|2|0|0|0|0|0|0|3|11|0
2216|736|1983|Technology|growth|28427.0|1|0|21-03-2013|67|18530|3471|19178|3122|3114|6323|2|2|0|3|8|0|0|0|0|0|0|3|11|0
2219|9246|1985|Financial|growth|40101.0|1|0|14-10-2012|73|171875|3158|129712|26219|24960|62705|4|6|21|6|7|0|0|0|0|0|0|3|11|0
2223|1448|1963|Financial|defined processes|33562.0|1|2|25-06-2014|33|21870|12337|12510|107|3195|3364|3|2|0|4|4|0|0|0|0|0|0|3|11|0
2227|4201|1962|Technology|low maturity|57967.0|0|1|03-03-2013|39|229562|7962|137859|4587|675|91325|5|4|42|8|5|0|0|0|0|0|0|3|11|0
2232|8080|1986|Technology|low maturity|26816.0|0|0|17-08-2012|50|5532|1317|6482|3342|4410|3643|1|0|0|3|4|0|0|0|0|0|0|3|11|0
2235|10870|1967|Technology|defined processes|61223.0|0|1|13-06-2013|46|709049|43591|182817|42903|118168|247762|2|9|63|4|5|0|0|0|0|0|0|3|11|0
