|ID|Year_foundation|Industry|Company_Maturity|Income|branches|Offices|Dt_Customer|Recency|MntPayroll|MntMarketingExpenses|MntRecruitmentExpenses|MntBenefitsExpenses|MntLayoffsExpenses|Z_CostContact|Z_Revenue|Response
1|2174|1954|Technology|low maturity|46344.0|1|1|08-03-2014|38|11287|1735|6110|2555|1482|3|11|0
4|5324|1981|Medical|defined processes|58293.0|1|0|19-01-2014|94|173614|43886|118496|46586|27218|3|11|0
7|6177|1985|Medical|defined processes|33454.0|1|0|08-05-2013|32|76406|10422|56450|3532|1904|3|11|0
12|2125|1959|Technology|good maturity|63033.0|0|0|15-11-2013|82|194393|61566|480430|225829|112763|3|11|0
16|9736|1980|Technology|defined processes|41850.0|1|1|24-12-2012|51|53034|5806|19160|2768|13074|3|11|0
20|9360|1982|Technology|defined processes|37040.0|0|0|08-08-2012|41|86416|2665|73972|69301|38365|3|11|0
24|1409|1951|Technology|growth|40689.0|0|1|18-03-2013|69|270458|3809|27550|39609|6601|3|11|0
27|5255|1986|Technology|low maturity||1|0|20-02-2013|19|5593|1588|3922|3687|263086|3|11|0
31|3033|1963|Financial|growth|38620.0|0|0|11-05-2013|56|112550|17306|44534|34071|22545|3|11|0
36|4339|1970|Medical|defined processes|67353.0|0|1|31-12-2013|37|702504|17284|151409|517|8040|3|11|0
40|8601|1980|Technology|defined processes|80011.0|0|1|29-04-2013|3|421495|76289|536761|82028|178259|3|11|0
43|7281|1959|Medical|low maturity||0|0|05-11-2013|80|81826|11480|50022|3812|2085|3|11|0
47|7286|1968|Technology|growth|41728.0|1|0|24-05-2013|92|13675|6039|15673|3206|5673|3|11|0
50|8614|1957|Technology|high maturity|65486.0|0|1|12-05-2014|29|245863|19771|125089|37172|67297|3|11|0
54|9381|1978|Technology|defined processes|66373.0|1|1|12-06-2013|57|328869|9227|124555|12589|24245|3|11|0
59|8375|1968|Medical|defined processes|55954.0|0|1|03-03-2014|63|447335|628|28718|973|433|3|11|0
63|6518|1951|Medical|high maturity|67680.0|0|1|11-06-2013|8|546077|864|48104|209|6250|3|11|0
68|4477|1958|Technology|growth|69096.0|0|1|27-09-2013|4|247233|49403|159932|7376|82820|3|11|0
71|10629|1973|Statup|defined processes||1|0|14-09-2012|25|25510|3646|43662|17199|4892|3|11|0
75|5846|1977|Technology|good maturity|40246.0|1|0|19-12-2012|68|2370|1229|6976|2023|1025|3|11|0
81|2261|1969|Technology|defined processes|26304.0|1|0|23-06-2013|5|4583|1123|5655|2785|784|3|11|0
84|535|1987|Technology|good maturity|81361.0|0|0|25-02-2014|18|163333|23918|424850|27458|65665|3|11|0
90|8996|1957|Medical|defined processes||2|1|19-11-2012|4|230834|42887|192857|49670|37824|3|11|0
93|11178|1972|Financial|low maturity|42394.0|1|0|23-03-2014|69|15310|2246|10704|468|1934|3|11|0
97|11100|1972|Technology|good maturity|51813.0|1|1|11-04-2013|37|51383|2436|7633|328|1249|3|11|0
101|1016|1959|Medical|low maturity|34554.0|0|1|30-03-2014|43|41438|1933|6850|2102|154|3|11|0
105|8373|1979|Agriculture|growth|24594.0|1|0|10-12-2013|94|1978|3486|6943|10093|562|3|11|0
108|3629|1978|Technology|low maturity|38557.0|1|0|19-12-2012|17|76372|3301|31530|4517|4136|3|11|0
114|9215|1980|Medical|defined processes|43974.0|1|0|12-12-2012|19|378338|325|101163|297|152|3|11|0
118|5234|1967|Statup|growth|30753.0|1|1|11-07-2013|85|12801|5112|25676|315|9689|3|11|0
122|8442|1985|Financial|defined processes|19510.0|2|0|04-09-2013|63|9820|231|7580|3271|4111|3|11|0
127|3381|1953|Financial|defined processes|54348.0|1|1|08-06-2014|51|70076|75|16211|471|251|3|11|0
130|8026|1952|Technology|defined processes|62998.0|0|1|30-09-2013|10|120922|58818|73477|65215|89244|3|11|0
133|1295|1963|Technology|defined processes||0|1|11-08-2013|96|231761|65334|196074|38804|71829|3|11|0
137|9579|1959|Medical|defined processes|33762.0|2|1|07-07-2013|61|53522|1654|34715|2927|942|3|11|0
142|8690|1962|Technology|defined processes|86111.0|0|0|19-04-2013|73|399921|28157|756545|36125|40413|3|11|0
145|9949|1976|Technology|defined processes|59809.0|0|2|18-10-2012|36|598499|16963|141258|32560|41872|3|11|0
149|4050|1966|Financial|defined processes|49605.0|0|0|21-06-2014|65|42920|16330|29243|12162|20317|3|11|0
153|92|1988|Technology|standardization|34176.0|1|0|12-05-2014|12|5938|7493|24206|19182|14025|3|11|0
157|9283|1978|Technology|low maturity|60199.0|1|2|12-09-2013|49|8851|1408|7770|2357|848|3|11|0
160|2795|1958|Financial|low maturity|30523.0|2|1|01-07-2013|0|5410|398|3109|403|84|3|11|0
163|10095|1975|Medical|good maturity|74165.0|0|0|01-05-2013|9|1001442|12840|240872|16435|12212|3|11|0
168|6637|1988|Technology|low maturity|66951.0|0|0|02-11-2013|46|277545|162959|305932|173975|76912|3|11|0
171|6460|1982|Technology|defined processes|28718.0|1|0|13-07-2013|78|12651|4404|6620|11902|8649|3|11|0
175|8717|1975|Medical|defined processes|80427.0|0|1|12-09-2012|56|1149602|71734|449730|69259|71388|3|11|0
180|7698|1976|Medical|defined processes|51650.0|0|1|11-05-2014|81|152965|3407|22541|2335|5556|3|11|0
183|10796|1984|Financial|defined processes|30477.0|1|0|22-01-2014|16|47337|1815|6393|925|633|3|11|0
186|5823|1970|Medical|low maturity|32303.0|0|1|08-03-2014|63|35764|204|2574|685|983|3|11|0
189|6431|1964|Medical|defined processes|45759.0|1|1|23-02-2013|13|42259|1103|18116|3181|862|3|11|0
193|1324|1988|Technology|defined processes|38872.0|1|0|30-05-2013|93|23762|3711|21108|3944|19140|3|11|0
196|6999|1980|Financial|defined processes|69661.0|0|0|13-05-2014|80|656816|16496|106827|32484|16428|3|11|0
202|8727|1978|Technology|good maturity|63693.0|0|1|14-10-2013|63|587570|43076|337190|42880|87959|3|11|0
208|868|1966|Technology|defined processes|44794.0|0|1|08-06-2014|99|54637|63|7055|737|57|3|11|0
212|6927|1968|Medical|defined processes|44377.0|1|1|05-10-2012|70|224675|200|30607|197|240|3|11|0
215|1584|1977|Technology|defined processes|41443.0|1|0|01-04-2014|79|171238|7071|171881|25762|19649|3|11|0
219|454|1980|Technology|growth|69508.0|1|0|14-11-2012|48|824375|32602|162736|42252|32324|3|11|0
222|4785|1970|Medical|growth|77622.0|0|2|14-04-2014|3|520460|7303|154157|19529|191|3|11|0
225|4653|1978|Technology|growth|42011.0|1|0|26-03-2013|46|131472|938|16340|2092|1356|3|11|0
228|460|1972|Medical|defined processes|79930.0|0|0|08-08-2012|72|792058|86890|740610|67650|51295|3|11|0
233|9617|1951|Technology|low maturity|15033.0|0|0|16-04-2014|37|619|4111|5802|6471|96|3|11|0
236|2936|1982|Financial|growth|23661.0|1|0|04-12-2013|46|18971|423|4911|529|87|3|11|0
239|11004|1893|Statup|low maturity|60182.0|0|1|17-05-2014|23|8673|175|5686|7440|511|3|11|0
244|6439|1958|Technology|defined processes|61074.0|0|1|17-08-2012|37|789613|571|133564|277|28669|3|11|0
248|8867|1988|Medical|defined processes|67546.0|0|0|31-08-2012|90|864380|134111|768234|150158|38626|3|11|0
251|6340|1985|Technology|low maturity|29938.0|1|0|27-10-2013|52|3081|3778|7226|940|2345|3|11|0
255|5304|1974|Medical|low maturity|30899.0|1|0|13-10-2012|35|24155|861|8273|348|380|3|11|0
259|3153|1957|Medical|low maturity|40737.0|2|1|08-12-2013|24|11382|151|4024|923|867|3|11|0
263|9396|1978|Medical|defined processes|37717.0|1|0|23-11-2012|31|9694|762|6499|4022|1712|3|11|0
269|4557|1970|Technology|growth|22070.0|1|0|04-10-2013|11|10938|7425|19208|8311|2287|3|11|0
273|6336|1960|Technology|defined processes|29315.0|1|1|06-04-2014|55|13187|2756|14124|8040|7649|3|11|0
277|7828|1981|Financial|growth|77882.0|0|0|30-04-2014|29|68705|129701|396251|188724|22141|3|11|0
281|10144|1976|Technology|growth|51369.0|0|1|25-10-2012|84|297193|7902|79853|184|11357|3|11|0
284|8962|1975|Financial|defined processes|44319.0|1|1|17-04-2014|18|26514|54|8674|690|76|3|11|0
287|8148|1956|Financial|growth|50898.0|1|1|08-01-2013|88|285520|28684|242941|55586|114144|3|11|0
291|7254|1969|Technology|growth|38361.0|1|0|27-12-2013|74|39660|128|56122|20300|8848|3|11|0
296|2874|1988|Statup|good maturity|35388.0|1|0|07-03-2013|20|6904|4926|7468|4553|3034|3|11|0
300|5827|1958|Technology|good maturity|35246.0|1|1|16-04-2014|53|36865|250|12177|2931|2903|3|11|0
303|1717|1988|Technology|low maturity|39747.0|1|0|13-04-2014|43|80718|15632|93154|20722|13666|3|11|0
310|10032|1976|Technology|good maturity|12571.0|1|0|18-01-2014|86|3167|5632|14698|2586|12177|3|11|0
314|3050|1966|Technology|defined processes|54198.0|1|1|17-12-2013|13|185446|475|28128|3476|2700|3|11|0
317|9478|1985|Technology|low maturity|66503.0|1|0|14-08-2012|30|91662|64355|128736|65287|3459|3|11|0
321|520|1974|Technology|defined processes|34421.0|1|0|01-07-2013|81|3085|3882|7609|6399|2219|3|11|0
324|2607|1953|Technology|low maturity|40464.0|0|1|11-01-2013|78|424791|17428|118968|7436|23192|3|11|0
327|3896|1984|Technology|defined processes|27255.0|1|0|07-11-2013|3|22103|1383|11940|940|1052|3|11|0
330|2861|1983|Technology|low maturity|24072.0|1|0|16-04-2013|79|9543|1693|6873|3987|402|3|11|0
335|10151|1960|Technology|good maturity|62204.0|0|2|12-09-2012|38|317073|46444|247784|151328|46388|3|11|0
341|11191|1986|Technology|good maturity|41411.0|0|0|07-12-2013|11|37665|32469|38572|11068|3197|3|11|0
346|8553|1965|Technology|defined processes|44300.0|1|1|23-06-2013|65|30165|342|9881|879|178|3|11|0
353|11056|1974|Technology|defined processes|72099.0|0|0|27-10-2012|18|546138|91064|410065|119460|478|3|11|0
357|6184|1969|Medical|defined processes|68462.0|0|0|12-12-2012|6|561826|64607|785168|84752|128493|3|11|0
361|9336|1969|Medical|high maturity|62187.0|0|1|22-03-2014|38|512155|595|83412|429|639|3|11|0
364|5837|1967|Technology|defined processes|51479.0|1|1|28-12-2012|67|247769|8700|160168|6309|8870|3|11|0
367|4432|1976|Technology|good maturity|31615.0|1|0|16-03-2013|82|2778|3707|20882|6370|11047|3|11|0
370|5680|1984|Statup|defined processes|35684.0|1|0|22-04-2014|66|10271|4961|7582|949|6224|3|11|0
377|4459|1989|Technology|low maturity|30279.0|1|0|30-12-2012|13|10289|4944|14947|4668|4637|3|11|0
380|2098|1969|Medical|defined processes|33581.0|2|0|08-01-2013|38|11632|658|5618|964|640|3|11|0
383|3310|1973|Statup|defined processes|35688.0|2|1|22-08-2012|94|73193|3790|90535|12235|1479|3|11|0
387|6202|1960|Technology|growth|63381.0|0|1|05-10-2012|78|571544|50522|142751|33047|50038|3|11|0
391|5642|1979|Financial|growth|62499.0|1|0|09-12-2013|0|140295|4919|61765|357|13183|3|11|0
394|7683|1968|Financial|defined processes|70777.0|0|1|25-02-2014|80|554577|35801|113860|634|7123|3|11|0
398|798|1987|Technology|low maturity|23442.0|1|0|24-12-2012|71|2889|324|6542|8872|6297|3|11|0
402|7617|1974|Technology|low maturity|42373.0|1|1|15-08-2013|83|67666|5653|61497|3491|8671|3|11|0
407|8890|1971|Medical|good maturity|65808.0|1|1|30-05-2014|1|155761|7508|80949|13589|7510|3|11|0
411|10882|1976|Technology|defined processes|53858.0|0|1|09-11-2012|50|407411|53560|221654|58231|150145|3|11|0
415|7106|1943|Medical|defined processes|75865.0|0|0|31-03-2014|73|483387|283|591971|156565|823|3|11|0
421|3129|1983|Technology|defined processes|30096.0|1|0|22-05-2014|30|5220|3928|11725|12121|5513|3|11|0
428|5987|1989|Statup|growth|10404.0|1|0|04-05-2014|52|2338|2823|11520|10306|6859|3|11|0
432|238|1967|Statup|growth|67309.0|1|1|23-01-2013|76|515297|47883|181809|149330|95982|3|11|0
435|9347|1956|Financial|growth|50943.0|0|1|21-06-2013|49|31777|561|7273|2240|902|3|11|0
438|5455|1971|Medical|defined processes|32011.0|1|0|22-08-2013|89|99834|297|15561|2500|1278|3|11|0
441|7495|1948|Medical|defined processes|56223.0|0|1|20-12-2013|72|77489|28246|31428|16157|899|3|11|0
444|2106|1974|Statup|defined processes|20130.0|0|0|17-03-2014|99|331|6954|3446|7027|6223|3|11|0
448|2541|1976|Technology|defined processes|24027.0|1|0|09-06-2013|7|14302|7022|11552|11640|558|3|11|0
451|2807|1969|Technology|defined processes|56796.0|0|1|16-02-2013|24|656592|38169|161799|62413|47874|3|11|0
454|6233|1976|Technology|defined processes|65991.0|0|1|07-09-2012|21|507066|19578|364763|25834|47576|3|11|0
459|10648|1982|Statup|growth|66664.0|0|0|25-09-2012|78|398026|96664|447905|220799|96128|3|11|0
464|2815|1975|Technology|defined processes|33183.0|1|0|24-02-2014|46|7606|5493|39087|17933|15403|3|11|0
468|9697|1951|Technology|defined processes|53790.0|0|2|06-03-2014|86|335960|42818|127656|28495|5746|3|11|0
473|6619|1978|Technology|defined processes|38415.0|1|1|02-01-2013|91|22972|1492|13767|4914|60|3|11|0
476|916|1972|Medical|low maturity|41644.0|1|1|09-05-2014|67|20489|3842|4653|2972|824|3|11|0
479|10581|1977|Technology|defined processes|41124.0|1|0|31-10-2012|41|281234|7117|84347|15756|151|3|11|0
483|1676|1975|Technology|defined processes|43057.0|0|1|30-10-2013|30|213522|2189|44647|185|2833|3|11|0
487|5562|1974|Technology|defined processes|60093.0|0|1|26-06-2013|92|502307|12966|109750|16725|6113|3|11|0
490|3403|1958|Medical|growth|78952.0|0|1|24-09-2012|11|1170673|19267|594170|99142|76573|3|11|0
495|3136|1962|Financial|good maturity|59432.0|0|1|13-04-2013|88|317215|25855|265336|25923|19073|3|11|0
498|716|1949|Medical|growth|67911.0|0|1|22-05-2014|63|529986|748|356971|63540|28851|3|11|0
501|10623|1961|Financial|growth|48330.0|0|1|15-11-2013|2|28743|523|4964|873|960|3|11|0
504|10160|1956|Financial|growth|50943.0|0|1|21-06-2013|49|31124|260|7501|2793|619|3|11|0
507|6071|1989|Technology|low maturity|81217.0|0|0|19-07-2013|77|493940|70104|324383|146079|40278|3|11|0
511|4320|1979|Technology|low maturity|60152.0|0|1|28-03-2013|6|325483|83815|300165|86186|58754|3|11|0
516|11025|1961|Technology|defined processes|36443.0|1|1|03-02-2013|9|65749|460|46376|4298|3423|3|11|0
520|3696|1965|Technology|good maturity|30630.0|1|1|27-01-2014|67|27611|1148|12150|2764|323|3|11|0
526|4322|1958|Medical|growth|77863.0|0|0|27-11-2013|20|881766|38468|319440|16422|25880|3|11|0
529|3281|1960|Medical|defined processes|49154.0|1|1|03-11-2013|69|206233|10740|67492|30433|27357|3|11|0
533|4437|1962|Technology|defined processes|65316.0|1|1|24-04-2013|65|112565|6623|92042|3391|9566|3|11|0
536|1991|1967|Technology|growth|44931.0|0|1|18-01-2014|0|78557|608|11354|309|591|3|11|0
540|3665|1977|Statup|growth|25315.0|1|0|07-11-2013|46|1957|9593|8658|11928|3283|3|11|0
544|7822|1976|Technology|growth|54058.0|0|1|04-06-2013|56|198183|18591|252393|32331|108941|3|11|0
549|2256|1973|Financial|defined processes|27159.0|1|1|29-03-2014|33|17107|814|3702|462|893|3|11|0
553|9460|1963|Technology|defined processes|22419.0|0|0|18-04-2013|74|30234|3571|47782|19980|21613|3|11|0
558|8420|1970|Statup|defined processes|15315.0|0|0|03-08-2013|27|7504|4755|13933|15436|8860|3|11|0
562|9780|1971|Financial|growth|71499.0|0|1|25-06-2013|12|465033|25258|132236|136317|603|3|11|0
565|4184|1950|Medical|growth|52157.0|0|1|07-06-2014|48|189660|2354|29321|3504|2162|3|11|0
568|10381|1979|Technology|low maturity|47691.0|0|1|05-07-2013|43|14229|870|3606|130|32|3|11|0
571|3526|1968|Medical|defined processes|38443.0|1|1|27-01-2014|58|32657|751|5208|173|69|3|11|0
574|7369|1981|Financial|defined processes|36959.0|1|0|02-10-2013|56|25176|6591|25827|6080|748|3|11|0
578|10242|1966|Medical|growth|47472.0|1|1|16-09-2013|39|56828|262|11502|251|73|3|11|0
582|5081|1967|Statup|growth|47821.0|1|1|20-10-2013|54|9388|975|16445|6651|6697|3|11|0
585|8036|1971|Statup|growth|26850.0|1|1|18-04-2014|10|31898|1569|13570|7985|2147|3|11|0
592|4501|1965|Financial|low maturity|69882.0|0|0|10-11-2013|94|292571|127601|635577|132315|127704|3|11|0
596|5252|1969|Technology|good maturity|23910.0|1|0|26-10-2012|80|16359|12638|18918|7073|1415|3|11|0
599|3537|1981|Technology|growth|31089.0|1|0|17-08-2012|57|31076|3641|31176|2531|8302|3|11|0
602|7972|1955|Technology|low maturity|72906.0|0|0|17-09-2013|79|400669|32114|519745|71273|75800|3|11|0
606|7232|1973|Technology|high maturity|42429.0|0|1|11-02-2014|99|55907|849|6409|2679|384|3|11|0
610|7930|1969|Financial|low maturity|26877.0|0|0|19-08-2013|74|101456|13673|76924|20393|18824|3|11|0
613|6222|1967|Technology|defined processes|22574.0|2|1|28-10-2013|28|25307|473|8643|2930|937|3|11|0
617|1503|1976|Medical|growth|162397.0|1|1|03-06-2013|31|85710|1271|16965|2326|1502|3|11|0
620|2782|1961|Medical|defined processes|54456.0|0|1|11-07-2013|23|352534|902|27593|10853|535|3|11|0
625|3641|1976|Technology|defined processes|13624.0|1|0|20-01-2013|93|10710|2365|15240|2046|1786|3|11|0
629|5063|1977|Technology|low maturity|28769.0|1|0|18-12-2012|76|41818|5415|129084|10957|3619|3|11|0
632|5156|1970|Statup|defined processes|62466.0|0|1|15-01-2014|13|129367|129441|259468|168273|121554|3|11|0
637|944|1962|Technology|defined processes|56181.0|0|1|08-01-2013|6|121101|103485|69684|8044|44954|3|11|0
642|2131|1959|Medical|good maturity|62859.0|0|1|30-12-2012|37|1063793|89856|102730|16326|12534|3|11|0
648|4679|1977|Financial|defined processes|78710.0|0|1|23-05-2014|42|721429|683|152102|119952|50281|3|11|0
652|6661|1974|Technology|defined processes|67445.0|0|1|12-08-2012|63|757645|80465|217940|29850|80875|3|11|0
655|5555|1975|Technology|good maturity|153924.0|0|0|07-02-2014|81|1977|1752|1258|1281|1527|3|11|0
658|3867|1947|Medical|growth|73059.0|0|1|31-08-2013|36|410551|112183|420913|774|82321|3|11|0
662|5084|1975|Technology|high maturity|58330.0|0|1|25-12-2013|87|445481|53588|213835|104876|98032|3|11|0
665|10826|1959|Technology|defined processes|18690.0|0|0|28-12-2012|77|6734|1589|7478|23430|4029|3|11|0
668|11007|1968|Medical|defined processes|29187.0|1|0|09-05-2013|43|26963|868|6176|718|681|3|11|0
671|10379|1962|Financial|low maturity|59247.0|0|2|08-11-2013|87|327416|9047|122649|19469|14947|3|11|0
674|2920|1975|Medical|low maturity|52614.0|0|1|01-12-2012|63|789417|645|142081|12839|9480|3|11|0
679|9596|1980|Medical|low maturity|65295.0|0|0|23-12-2013|19|365580|32233|117229|34809|110527|3|11|0
682|75|1982|Statup|growth|41039.0|0|0|25-07-2013|32|34156|11193|137487|179379|61478|3|11|0
685|10142|1976|Medical|good maturity|66476.0|0|1|07-03-2013|99|372626|18958|126941|47913|48578|3|11|0
691|143|1970|Technology|low maturity|61209.0|0|0|25-08-2013|73|466340|315|224906|119673|49462|3|11|0
695|9239|1961|Financial|defined processes|61923.0|0|2|26-07-2013|94|92801|4775|18359|3596|3137|3|11|0
700|9977|1973|Technology|good maturity|78901.0|0|1|17-09-2013|99|321089|11948|309448|33879|26271|3|11|0
706|4472|1970|Medical|good maturity|35682.0|1|0|27-06-2014|34|23805|817|8407|6406|2155|3|11|0
711|1272|1965|Financial|low maturity|55250.0|0|1|21-10-2012|49|664101|58388|83261|32718|91|3|11|0
714|6969|1982|Technology|growth|50272.0|1|0|07-08-2013|75|99176|13087|66186|43081|8781|3|11|0
718|10159|1970|Technology|good maturity|58710.0|0|1|31-03-2013|77|440957|81273|368332|880|122917|3|11|0
721|4990|1954|Technology|defined processes|59111.0|0|0|02-05-2013|90|524954|917|134829|28659|28829|3|11|0
725|7212|1966|Technology|defined processes|44794.0|0|1|08-06-2014|99|54602|715|7694|293|660|3|11|0
730|5329|1949|Medical|good maturity|35946.0|1|1|27-09-2013|24|8839|202|3519|752|109|3|11|0
733|5956|1948|Medical|good maturity|45072.0|1|2|16-10-2013|74|144842|2590|99673|7849|2346|3|11|0
738|6516|1989|Agriculture|defined processes|17487.0|1|0|18-03-2013|37|103|849|1563|7255|4591|3|11|0
741|7458|1956|Financial|growth|34941.0|1|1|06-03-2013|26|39828|2281|25744|4845|3525|3|11|0
746|7235|1975|Statup|defined processes|17003.0|1|0|09-12-2013|37|2299|5505|12698|4831|8325|3|11|0
751|7938|1958|Medical|growth|51518.0|0|1|03-10-2013|92|350706|8236|66908|17628|4055|3|11|0
755|3870|1978|Statup|growth|63855.0|0|0|09-02-2013|28|359847|35152|314928|93083|116773|3|11|0
759|6488|1959|Medical|defined processes|38829.0|0|1|06-04-2014|86|76982|666|7264|605|779|3|11|0
762|6406|1988|Financial|defined processes|78285.0|0|0|28-10-2013|13|647843|107563|391070|175147|67742|3|11|0
766|5331|1977|Technology|defined processes|74985.0|0|0|11-09-2012|8|587943|51186|898756|247888|390|3|11|0
769|8786|1956|Financial|defined processes|62058.0|0|1|26-05-2013|52|301249|7610|74347|10357|81|3|11|0
773|2371|1972|Technology|defined processes|33622.0|1|1|13-04-2013|22|39253|1531|22494|3594|4941|3|11|0
776|1072|1965|Medical|low maturity|40760.0|0|1|30-08-2013|64|70584|174|17636|418|340|3|11|0
779|10736|1971|Technology|low maturity|72258.0|0|1|12-09-2013|28|522188|841|522338|227608|120600|3|11|0
782|49|1970|Technology|low maturity|20587.0|1|0|11-05-2014|39|2849|3345|6677|4218|1810|3|11|0
785|4211|1986|Agriculture|defined processes|20425.0|1|0|29-10-2012|5|4900|12699|5481|3908|16534|3|11|0
790|6543|1945|Financial|growth|62847.0|0|0|15-01-2013|45|521743|168177|706556|80628|76915|3|11|0
796|6722|1954|Medical|defined processes|70421.0|0|1|28-06-2014|98|479124|28531|136129|75514|14658|3|11|0
799|8523|1968|Technology|defined processes|19329.0|1|0|14-12-2013|39|24280|1909|16916|12477|2221|3|11|0
802|236|1951|Technology|defined processes|34838.0|1|1|19-01-2013|62|28315|23045|29677|29513|14070|3|11|0
806|7326|1971|Financial|defined processes|56850.0|0|1|23-03-2014|83|34490|1134|19561|2053|7743|3|11|0
810|2964|1981|Technology|defined processes|26872.0|0|0|16-10-2013|0|3925|10184|8918|3067|16764|3|11|0
814|6303|1986|Medical|growth|91820.0|0|0|23-11-2013|72|410784|73888|747554|76703|161064|3|11|0
817|7462|1954|Technology|low maturity|22507.0|0|0|24-11-2012|67|68134|394|226472|51227|157894|3|11|0
821|1143|1972|Technology|defined processes|22063.0|1|0|08-08-2013|43|7361|10629|13294|3674|11859|3|11|0
827|6768|1962|Technology|good maturity|37859.0|1|2|12-01-2013|75|22036|1268|8129|2970|1200|3|11|0
830|4887|1976|Medical|good maturity|55412.0|1|1|22-11-2013|65|10594|5484|28802|11307|1726|3|11|0
833|11003|1980|Statup|growth|25130.0|1|0|02-10-2013|10|2423|5725|7080|70|18440|3|11|0
836|6141|1972|Financial|low maturity|49494.0|1|0|25-04-2013|46|191381|9676|97406|348|6187|3|11|0
840|4186|1950|Technology|growth|34026.0|1|1|05-08-2013|11|18591|6430|15540|12257|8059|3|11|0
843|11121|1981|Technology|defined processes|19419.0|1|0|10-11-2012|76|2533|14675|28413|16491|3740|3|11|0
847|5935|1956|Financial|low maturity|55284.0|0|1|24-12-2012|60|547535|7334|140884|185|7965|3|11|0
850|7848|1974|Technology|low maturity|49166.0|0|1|13-06-2013|17|224180|2199|25737|7208|278|3|11|0
856|4877|1973|Financial|defined processes|38576.0|0|1|04-03-2014|2|34029|98|7182|381|449|3|11|0
860|4297|1969|Technology|growth|23228.0|1|0|26-01-2014|71|13215|2023|18973|6564|1923|3|11|0
863|4271|1989|Statup|growth|38683.0|1|0|04-10-2012|80|46660|35378|69664|84287|41105|3|11|0
866|115|1966|Financial|low maturity|43456.0|0|1|26-03-2013|0|275781|11202|68061|25571|7465|3|11|0
869|2447|1979|Technology|growth|30545.0|1|0|17-10-2012|71|4569|12792|15440|19778|7049|3|11|0
874|7631|1978|Financial|growth|61346.0|1|0|06-10-2013|34|562346|58088|168629|43566|16822|3|11|0
878|1446|1956|Financial|low maturity|86424.0|0|0|05-04-2014|12|387178|68164|569731|89178|45307|3|11|0
882|8916|1975|Technology|good maturity|36627.0|2|0|23-07-2013|78|9825|1780|5715|745|235|3|11|0
886|7023|1953|Medical|low maturity|46231.0|2|1|26-11-2012|87|189147|2846|55081|544|5288|3|11|0
889|2930|1978|Financial|low maturity|68092.0|0|0|16-12-2013|7|852113|60315|207734|78716|36459|3|11|0
893|9960|1991|Agriculture|low maturity|26868.0|1|0|30-04-2014|52|609|899|1702|8361|3571|3|11|0
898|7037|1974|Medical|defined processes|37087.0|1|0|11-08-2013|50|194280|55955|134302|15621|824|3|11|0
901|8945|1970|Technology|good maturity|54137.0|0|1|16-08-2013|46|171951|526|11376|314|1133|3|11|0
904|6404|1969|Technology|growth|58917.0|1|2|24-03-2013|10|151456|7651|89159|560|7636|3|11|0
908|6534|1974|Technology|growth|47889.0|1|0|04-01-2014|94|29646|607|29586|66|5529|3|11|0
911|4654|1992|Technology|growth|75114.0|0|0|07-11-2013|40|571379|12897|523107|63397|60394|3|11|0
918|2625|1954|Statup|low maturity|42607.0|0|1|17-11-2013|30|156773|29213|56644|30317|32559|3|11|0
925|5871|1979|Financial|growth|24401.0|0|0|31-08-2012|98|73680|28389|217645|10574|24669|3|11|0
930|5303|1974|Medical|growth|79632.0|0|0|08-04-2014|42|471401|115|510127|99102|21148|3|11|0
934|4843|1952|Technology|low maturity|75127.0|0|0|22-05-2014|92|203412|35589|305440|46633|17083|3|11|0
938|3673|1971|Technology|low maturity|55239.0|0|1|14-07-2013|59|371417|17648|238468|23926|24095|3|11|0
941|4128|1962|Medical|growth|56067.0|0|1|20-07-2013|51|517101|12893|54139|16074|6449|3|11|0
947|8405|1979|Technology|good maturity|68274.0|1|1|30-09-2013|83|135192|25516|51406|23731|25448|3|11|0
950|7574|1979|Medical|growth|27922.0|1|0|10-05-2014|80|11637|293|13471|2464|4921|3|11|0
955|10031|1976|Medical|defined processes|16927.0|1|1|10-02-2013|50|20746|2522|23960|3236|1141|3|11|0
959|9665|1957|Medical|good maturity|54237.0|0|1|27-04-2013|48|267036|3366|30205|4493|706|3|11|0
963|2456|1975|Medical|defined processes|40233.0|0|1|14-10-2013|84|80324|4734|46269|970|17488|3|11|0
967|7011|1973|Technology|defined processes|33471.0|1|0|12-10-2012|47|43703|2094|27804|599|9297|3|11|0
971|1734|1968|Medical|growth|40706.0|2|1|17-01-2013|37|59644|883|11772|4324|2104|3|11|0
974|9209|1971|Financial|growth|80573.0|0|0|14-10-2012|85|829257|138654|430126|60087|92741|3|11|0
978|3308|1952|Technology|defined processes|35704.0|1|1|03-01-2014|54|30876|9152|12340|2801|11602|3|11|0
982|6634|1979|Financial|good maturity|33462.0|1|0|07-08-2013|78|22065|3128|18592|423|697|3|11|0
986|8164|1978|Medical|defined processes|82170.0|0|0|25-11-2013|13|1023848|93693|651458|49815|55417|3|11|0
991|9850|1972|Statup|defined processes|24884.0|1|0|29-11-2012|32|3504|6585|7310|690|322|3|11|0
995|5184|1995|Technology|low maturity|34824.0|0|0|26-03-2014|65|4783|2656|11355|2118|809|3|11|0
1003|5527|1987|Technology|growth|22434.0|1|0|13-02-2013|25|4171|12907|11135|3196|13848|3|11|0
1009|6119|1963|Medical|low maturity|36736.0|1|1|10-05-2013|52|10572|127|3647|184|962|3|11|0
1013|1970|1968|Financial|growth|34053.0|0|1|10-09-2012|14|63985|443|21688|7948|865|3|11|0
1017|8562|1969|Technology|growth|54165.0|0|0|28-05-2013|72|127783|4776|73945|15354|6179|3|11|0
1020|5287|1973|Technology|defined processes|34961.0|1|0|19-06-2014|77|45423|2434|26044|4495|1563|3|11|0
1024|4240|1978|Technology|defined processes|17345.0|1|0|03-11-2012|79|4892|9869|16485|17201|684|3|11|0
1028|10175|1958|Medical|good maturity|32173.0|0|1|01-08-2013|0|18675|982|2669|311|54|3|11|0
1033|5263|1977|Statup|defined processes|31056.0|1|0|22-01-2013|99|5926|10871|13945|3896|8234|3|11|0
1037|67|1972|Financial|low maturity|46423.0|1|1|18-09-2013|6|68223|28|16769|476|648|3|11|0
1042|10749|1991|Technology|low maturity|8028.0|0|0|18-09-2012|62|73263|18120|66221|7381|12667|3|11|0
1047|4002|1960|Medical|defined processes|77037.0|0|1|13-10-2013|3|463351|96148|333796|168365|53355|3|11|0
1055|7290|1985|Technology|low maturity|70596.0|0|0|05-10-2012|68|347411|44220|534205|17705|339|3|11|0
1058|4507|1952|Technology|low maturity|72228.0|0|0|27-11-2012|87|631812|28756|491289|30239|14488|3|11|0
1065|4415|1961|Technology|defined processes|16860.0|1|1|12-09-2012|19|10796|4534|4040|3641|3600|3|11|0
1069|2875|1978|Technology|defined processes|67023.0|0|0|04-03-2014|93|444457|44560|382344|11921|8269|3|11|0
1072|3807|1955|Technology|growth|59925.0|0|1|30-11-2012|83|473623|21642|176533|19887|21313|3|11|0
1077|577|1976|Statup|growth|26907.0|1|1|20-08-2013|10|9083|1320|7861|575|3392|3|11|0
1080|3535|1965|Technology|low maturity|66294.0|0|0|17-03-2014|68|251582|108605|334071|65954|92687|3|11|0
1086|10914|1970|Technology|low maturity|24163.0|1|1|12-10-2013|3|4032|1226|7549|2133|1734|3|11|0
1092|4944|1959|Technology|growth|71367.0|0|0|23-08-2013|24|227531|23091|389947|42937|21478|3|11|0
1095|9964|1979|Technology|low maturity|61825.0|0|1|07-08-2013|56|162569|50444|100914|55393|30050|3|11|0
1098|1109|1982|Financial|growth|27590.0|1|0|23-04-2013|38|6657|859|5293|347|468|3|11|0
1102|1545|1986|Technology|defined processes|38508.0|1|0|02-08-2013|95|120478|19561|206378|25869|19374|3|11|0
1106|6271|1952|Medical|defined processes|50870.0|0|1|19-06-2014|13|53412|902|8731|438|870|3|11|0
1110|375|1954|Technology|good maturity|76773.0|0|0|25-02-2013|79|516887|56346|449521|86405|33839|3|11|0
1118|880|1966|Agriculture|growth|22634.0|0|0|16-01-2013|47|2513|23291|11384|8571|6315|3|11|0
1121|4713|1979|Medical|defined processes|31605.0|1|0|22-11-2012|15|74900|639|42523|2831|1580|3|11|0
1124|2308|1954|Technology|defined processes|46734.0|0|1|18-11-2012|40|110834|5606|137175|26895|23801|3|11|0
1128|8977|1985|Agriculture|low maturity|16581.0|0|0|12-01-2013|51|1827|3536|4648|2931|3344|3|11|0
1135|7613|1974|Statup|growth|49669.0|1|0|24-05-2014|97|166077|5524|107736|11030|8134|3|11|0
1139|11166|1961|Technology|defined processes|49678.0|0|1|02-02-2013|81|229736|5619|56514|3879|2867|3|11|0
1142|4066|1978|Statup|good maturity|21282.0|1|0|11-05-2014|76|1272|5487|8477|4038|8331|3|11|0
1145|4961|1974|Financial|growth|21255.0|1|0|21-01-2014|56|29301|959|25389|2325|2628|3|11|0
1150|1453|1943|Medical|high maturity|57513.0|0|0|06-07-2013|59|735628|40356|183942|52217|20456|3|11|0
1154|2613|1960|Financial|defined processes|54197.0|0|1|03-04-2014|16|162158|6730|37425|6558|13258|3|11|0
1158|7959|1961|Technology|defined processes|79410.0|0|0|29-05-2014|19|658386|80770|483370|123123|13467|3|11|0
1161|8432|1956|Technology|growth|54450.0|1|1|14-09-2012|0|454319|480|171508|8925|19657|3|11|0
1165|3598|1972|Technology|defined processes|62710.0|0|1|23-05-2013|53|441237|35757|83237|7532|29192|3|11|0
1168|10486|1948|Technology|defined processes|77142.0|0|0|29-05-2013|54|476099|75574|162379|29960|151643|3|11|0
1172|8278|1990|Medical|defined processes|74214.0|0|0|26-08-2012|3|863768|83826|547859|86353|99175|3|11|0
1176|5907|1952|Financial|defined processes|33444.0|1|1|03-11-2012|24|8778|321|8845|280|493|3|11|0
1180|359|1950|Technology|growth|48070.0|0|1|13-01-2013|33|373798|14447|83125|6279|9898|3|11|0
1184|9392|1971|Technology|low maturity|26954.0|1|0|08-05-2014|17|4772|1394|11218|282|548|3|11|0
1188|4088|1962|Medical|growth|31497.0|0|1|06-12-2012|22|108567|1039|28252|13162|1794|3|11|0
1193|3515|1952|Technology|low maturity|62307.0|0|1|17-02-2014|94|87849|13164|34629|10923|6205|3|11|0
1196|2246|1965|Statup|defined processes|46891.0|0|1|01-09-2013|91|43507|12403|23188|29072|15050|3|11|0
1200|837|1977|Technology|defined processes|54809.0|1|1|11-09-2013|0|63244|6442|57984|13822|13275|3|11|0
1204|2995|1957|Financial|growth|66636.0|0|0|17-08-2013|64|291800|10370|689149|84115|10284|3|11|0
1211|7192|1955|Technology|growth|65748.0|0|1|15-04-2013|58|172443|73177|93591|95440|78730|3|11|0
1217|8876|1963|Medical|growth|33629.0|1|1|08-08-2012|49|132333|796|16255|462|475|3|11|0
1220|10395|1986|Agriculture|low maturity|8940.0|1|0|22-08-2012|25|1905|45207|3705|4261|6960|3|11|0
1225|257|1959|Medical|defined processes|75032.0|0|1|28-04-2013|74|952681|12117|180083|47493|12514|3|11|0
1230|6230|1971|Technology|good maturity|44421.0|1|1|15-02-2013|53|110603|5473|59408|7206|1428|3|11|0
1233|1502|1983|Technology|growth|28427.0|1|0|21-03-2013|67|18423|3428|19352|3042|3960|3|11|0
1236|4174|1956|Financial|growth|55249.0|0|1|17-04-2014|81|97236|1758|19930|2162|848|3|11|0
1240|11086|1984|Agriculture|low maturity|25707.0|1|0|18-01-2014|18|1071|6560|2248|3814|6941|3|11|0
1244|1291|1978|Medical|growth|27683.0|1|0|04-08-2012|90|152208|9648|121897|12967|12218|3|11|0
1247|803|1968|Technology|growth|40521.0|1|1|05-04-2013|82|12045|977|5529|287|697|3|11|0
1254|5011|1963|Technology|good maturity|68118.0|0|1|18-10-2013|51|595766|23646|123899|10342|23910|3|11|0
1267|11114|1970|Technology|growth|19656.0|1|0|08-02-2013|94|25737|4394|9424|6298|8024|3|11|0
1271|7488|1963|Financial|low maturity|64191.0|0|1|22-01-2013|30|420559|15611|186981|151377|38120|3|11|0
1277|10637|1964|Technology|defined processes|40800.0|1|2|01-01-2013|77|24250|92|27052|8982|30829|3|11|0
1283|7384|1951|Financial|growth|39767.0|0|0|21-07-2013|18|113183|61723|204194|34515|26288|3|11|0
1287|2516|1969|Statup|defined processes|46831.0|1|1|08-06-2013|84|22737|2089|10328|6870|4943|3|11|0
1291|5068|1971|Technology|low maturity|22804.0|1|0|31-07-2013|75|14213|1408|7880|2508|1284|3|11|0
1294|2811|1963|Medical|low maturity|48918.0|1|1|12-04-2014|21|52176|855|9657|460|766|3|11|0
1299|10641|1978|Technology|low maturity|7500.0|1|1|27-12-2012|5|6854|5961|4981|13655|4716|3|11|0
1303|3099|1970|Technology|good maturity|44267.0|1|1|25-02-2013|48|183154|5951|65376|3929|5116|3|11|0
1309|6658|1972|Technology|growth|59868.0|0|1|22-07-2013|37|771943|51916|154501|54606|10739|3|11|0
1312|10260|1965|Financial|growth|45143.0|0|1|26-08-2013|74|202814|5474|74878|11985|5044|3|11|0
1315|6197|1962|Medical|low maturity|27238.0|1|1|20-04-2013|39|37547|656|17783|638|847|3|11|0
1318|1920|1972|Technology|defined processes|40321.0|1|1|29-07-2013|59|44763|4604|21113|6259|892|3|11|0
1321|10377|1958|Financial|growth|46692.0|0|1|06-06-2013|37|170444|6721|97349|24651|12515|3|11|0
1326|7937|1982|Technology|defined processes|24711.0|0|0|18-04-2014|86|10170|7919|25376|6112|3812|3|11|0
1330|4832|1979|Technology|defined processes|27244.0|1|0|07-03-2014|84|6596|5068|17372|3651|24845|3|11|0
1336|9495|1982|Technology|growth|71853.0|0|0|08-05-2013|29|358869|108820|413535|141421|97323|3|11|0
1341|5510|1977|Financial|defined processes|43263.0|0|1|21-11-2012|2|262094|6883|61034|182|10305|3|11|0
1345|979|1975|Technology|low maturity|33249.0|1|0|20-02-2013|11|6623|10360|21179|19372|14038|3|11|0
1350|10590|1956|Medical|growth|76542.0|0|0|30-03-2013|91|794787|73217|573669|360|29947|3|11|0
1355|3834|1962|Technology|low maturity|69627.0|0|1|17-03-2013|35|231059|161662|215164|171648|30368|3|11|0
1359|7275|1971|Financial|low maturity|33316.0|1|1|04-10-2013|34|79565|1413|31714|4321|4932|3|11|0
1363|6181|1950|Statup|growth|52203.0|0|0|31-07-2012|36|488696|21096|238837|56323|108543|3|11|0
1368|4096|1968|Financial|good maturity|41335.0|1|0|26-12-2013|24|112660|19111|21694|16824|14841|3|11|0
1371|9140|1960|Statup|growth|50523.0|1|1|25-12-2013|89|51602|4961|24189|4316|7512|3|11|0
1375|8805|1960|Technology|low maturity|48904.0|0|1|02-12-2012|1|283139|10877|38040|951|13675|3|11|0
1380|10420|1955|Financial|good maturity|46390.0|0|1|05-05-2014|56|95981|14548|64754|2279|9418|3|11|0
1383|4345|1964|Statup|low maturity||1|1|12-01-2014|49|5424|1233|9413|2347|212|3|11|0
1387|8702|1976|Statup|growth|26907.0|1|1|20-08-2013|10|9633|1628|7465|669|3172|3|11|0
1390|8216|1972|Financial|defined processes|53761.0|1|1|11-10-2013|7|158974|66|76863|13860|7668|3|11|0
1393|5289|1975|Statup|low maturity|41658.0|1|1|09-11-2012|30|8555|4841|12409|15577|4553|3|11|0
1396|8663|1974|Technology|good maturity|39996.0|1|1|22-05-2014|85|11202|687|3488|495|776|3|11|0
1399|10490|1969|Medical|defined processes|51039.0|1|1|10-12-2012|11|100237|64488|79162|65203|487|3|11|0
1402|2534|1953|Technology|defined processes|37716.0|0|1|21-04-2014|4|97923|1169|41315|6834|2582|3|11|0
1406|5491|1951|Financial|growth|47352.0|0|1|11-04-2013|70|172115|12942|112918|8527|591|3|11|0
1410|618|1977|Medical|defined processes|69389.0|0|1|28-09-2012|17|422761|7540|238975|69137|46456|3|11|0
1415|6376|1979|Technology|low maturity|57537.0|1|0|10-06-2013|83|191069|56397|139829|51578|8431|3|11|0
1418|5654|1972|Technology|defined processes|36026.0|2|1|16-03-2014|34|20830|4247|10529|6708|4486|3|11|0
1421|7000|1972|Statup|low maturity|65704.0|0|0|13-10-2013|18|279205|172714|74307|38328|8282|3|11|0
1425|2428|1970|Technology|defined processes|28164.0|1|0|04-05-2013|23|3261|18777|26431|11081|8278|3|11|0
1428|8418|1958|Statup|low maturity|38741.0|1|1|30-03-2014|60|7216|10738|17938|8968|6441|3|11|0
1431|10033|1973|Statup|good maturity|31163.0|1|0|13-02-2014|54|2677|3594|10512|11225|2958|3|11|0
1436|8588|1961|Technology|defined processes|60544.0|1|1|25-08-2012|92|201073|2472|43071|3533|5435|3|11|0
1439|3220|1983|Technology|defined processes|39922.0|1|0|14-02-2013|30|29445|12407|59606|19132|1492|3|11|0
1445|4682|1958|Technology|defined processes|51876.0|0|0|15-10-2013|88|99802|27851|102237|28904|48675|3|11|0
1449|1927|1973|Statup|growth|69401.0|0|1|23-03-2014|41|399732|27665|159102|58281|8177|3|11|0
1453|5975|1967|Medical|low maturity|40304.0|1|0|30-09-2013|82|37603|952|17162|926|488|3|11|0
1457|2157|1972|Technology|growth|26290.0|1|1|12-01-2013|49|15210|8549|16503|11797|5685|3|11|0
1464|5074|1986|Financial|defined processes|28072.0|1|0|08-07-2013|10|30182|240|10502|2030|798|3|11|0
1468|7196|1950|Medical|defined processes|41145.0|1|1|08-02-2014|20|9030|591|3548|99|620|3|11|0
1471|4864|1977|Technology|defined processes|34380.0|1|0|02-05-2013|68|72492|7431|58513|13644|1931|3|11|0
1475|3697|1954|Technology|growth|39898.0|0|1|12-02-2013|20|69252|8333|26535|12934|7932|3|11|0
1478|5286|1987|Financial|low maturity|41020.0|0|0|28-10-2013|68|112663|1134|54691|7347|7981|3|11|0
1482|3102|1981|Statup|growth|19414.0|1|0|16-10-2013|32|2250|3558|12825|3923|5481|3|11|0
1485|9988|1976|Financial|low maturity|70379.0|0|1|03-03-2013|84|553704|25789|142033|65415|67187|3|11|0
1491|7494|1950|Medical|good maturity|42873.0|1|1|21-01-2013|11|209481|42|40613|3466|2858|3|11|0
1495|10770|1959|Technology|defined processes|65492.0|0|0|26-01-2014|73|247064|161707|295744|210419|85560|3|11|0
1499|6318|1988|Technology|defined processes|68487.0|0|0|13-01-2013|48|758836|12174|385733|33640|89232|3|11|0
1503|3594|1973|Financial|defined processes|54108.0|1|1|05-11-2012|74|539289|6549|91746|8494|6085|3|11|0
1509|10128|1958|Technology|growth|53977.0|0|1|08-06-2013|21|620779|16501|165598|706|24085|3|11|0
1512|9451|1965|Technology|defined processes|73538.0|0|1|25-11-2012|92|811315|76177|428565|99444|137120|3|11|0
1516|1490|1962|Technology|defined processes|55759.0|0|1|28-11-2012|84|675847|906|85772|10549|7849|3|11|0
1521|8643|1971|Technology|growth|69930.0|0|0|26-05-2013|21|252166|98216|827024|219042|70100|3|11|0
1524|11110|1973|Technology|low maturity|3502.0|1|0|13-04-2013|56|2097|1958|1855|785|73|3|11|0
1527|7998|1958|Technology|growth|28087.0|1|1|11-12-2012|77|53023|8972|17355|13817|222|3|11|0
1534|3745|1988|Statup|defined processes|23331.0|1|0|04-09-2012|92|5332|36372|7189|834|10825|3|11|0
1539|8920|1967|Financial|low maturity|59235.0|1|0|12-01-2013|4|448179|40915|469726|80100|850|3|11|0
1542|528|1978|Technology|defined processes|65819.0|0|0|29-11-2012|99|267359|38402|701931|149402|165348|3|11|0
1545|10212|1986|Financial|growth|42386.0|1|0|13-01-2013|43|65248|4443|16646|972|4496|3|11|0
1549|2217|1975|Statup|defined processes|37284.0|1|1|29-03-2013|46|11431|1606|2705|2235|1420|3|11|0
1552|8091|1956|Technology|defined processes|63943.0|0|1|02-09-2012|50|423394|184328|368166|13759|97820|3|11|0
1557|4037|1976|Technology|good maturity|31859.0|1|0|14-06-2013|77|3043|1186|3026|8199|570|3|11|0
1560|5424|1983|Technology|defined processes|39922.0|1|0|14-02-2013|30|29620|12969|59412|19985|1138|3|11|0
1563|4828|1954|Technology|good maturity|79865.0|0|1|18-06-2014|12|71839|99894|278804|185771|121196|3|11|0
1567|4390|1954|Technology|growth|75315.0|0|1|15-04-2014|14|459211|15234|171433|142744|23224|3|11|0
1573|8135|1986|Financial|defined processes|27161.0|1|0|28-10-2013|41|7162|4266|23140|7288|253|3|11|0
1579|6257|1976|Financial|low maturity|60482.0|0|1|23-01-2013|81|255046|43846|134779|37592|14339|3|11|0
1582|3503|1950|Technology|good maturity|82460.0|0|0|02-12-2013|78|255087|47879|573860|52145|32797|3|11|0
1588|5892|1980|Technology|defined processes|34968.0|1|0|10-04-2013|11|158658|6788|45508|8929|2324|3|11|0
1593|2262|1965|Financial|growth|45143.0|0|1|26-08-2013|74|202850|5338|74073|11303|5146|3|11|0
1598|7022|1971|Technology|defined processes|76445.0|1|0|28-09-2012|2|739085|107716|309359|140613|80258|3|11|0
1603|800|1960|Technology|growth|44512.0|1|1|30-08-2013|57|23347|1477|6812|683|708|3|11|0
1606|8969|1977|Technology|defined processes|71855.0|0|1|16-01-2013|59|548899|31499|422287|616|112486|3|11|0
1610|6729|1988|Technology|low maturity|68655.0|0|0|10-08-2012|95|456340|19484|832832|75757|118124|3|11|0
1615|10099|1984|Technology|defined processes|55434.0|1|0|05-10-2013|21|238748|115921|215651|169639|69178|3|11|0
1618|3011|1965|Technology|defined processes|69139.0|0|1|27-01-2014|23|86030|12855|75555|33597|15669|3|11|0
1622|5120|1982|Statup|growth|66664.0|0|0|25-09-2012|78|398984|96631|447245|220539|96638|3|11|0
1625|7408|1952|Medical|defined processes|54549.0|0|1|03-03-2014|8|216252|2339|6611|598|809|3|11|0
1629|3276|1976|Statup|growth|36301.0|1|0|25-10-2013|53|11281|12494|35348|3403|5461|3|11|0
1632|3783|1959|Medical|defined processes|52854.0|1|1|24-03-2014|43|105697|908|10580|371|1461|3|11|0
1635|3427|1955|Medical|defined processes|59821.0|0|1|12-04-2013|11|629478|866|70984|221|540|3|11|0
1638|10785|1969|Technology|defined processes|44078.0|1|1|19-06-2014|17|24779|1780|10809|2323|270|3|11|0
1642|6575|1981|Technology|growth|56386.0|1|1|27-10-2012|51|230211|48028|214572|13862|32608|3|11|0
1645|10141|1960|Financial|good maturity|39228.0|0|0|10-05-2013|1|7579|1284|6702|758|3800|3|11|0
1650|8079|1982|Technology|defined processes|22448.0|1|0|26-02-2014|86|3524|1218|8524|23169|2046|3|11|0
1655|1834|1978|Financial|low maturity|35544.0|1|0|08-03-2014|77|30517|5073|23490|4854|1448|3|11|0
1658|1378|1972|Statup|growth|50334.0|0|1|24-07-2013|24|284824|16211|160174|84796|16441|3|11|0
1662|6457|1976|Technology|good maturity|64892.0|0|1|29-05-2014|77|527614|24686|230788|32555|24766|3|11|0
1665|6437|1985|Statup|low maturity|41473.0|1|0|19-06-2013|80|21602|8295|20730|15810|3634|3|11|0
1668|5299|1970|Medical|defined processes|69084.0|1|0|19-11-2013|43|1181545|107326|199596|39092|30276|3|11|0
1675|4712|1991|Statup|growth|20193.0|0|0|28-11-2012|18|8654|8969|22582|24146|11328|3|11|0
1678|4065|1976|Medical|defined processes|49544.0|1|0|12-02-2013|0|308365|95|73545|739|894|3|11|0
1682|2156|1955|Medical|defined processes|22554.0|1|1|03-11-2012|38|27827|693|10912|966|293|3|11|0
1685|7947|1969|Technology|defined processes|42231.0|1|1|25-03-2014|99|24281|461|8178|668|1615|3|11|0
1690|7397|1951|Technology|low maturity|49090.0|0|1|19-07-2013|45|494467|5933|82084|7417|630|3|11|0
1693|10398|1981|Statup|low maturity|24336.0|1|0|27-08-2012|82|1865|6829|2570|8445|2262|3|11|0
1696|1890|1971|Statup|growth|42033.0|1|1|19-09-2012|95|11629|1968|4750|2659|908|3|11|0
1700|8852|1976|Technology|defined processes|61064.0|0|1|31-08-2012|80|387650|126214|342315|25|45534|3|11|0
1703|1958|1973|Medical|growth|55012.0|0|1|21-03-2014|85|582287|160|65310|446|746|3|11|0
1708|7732|1978|Technology|defined processes|64813.0|1|0|02-01-2014|81|293955|29|124140|179169|97635|3|11|0
1714|4055|1992|Agriculture|low maturity|18746.0|1|0|29-05-2014|41|2519|10132|11768|12064|9979|3|11|0
1717|7629|1977|Technology|defined processes|22108.0|1|1|08-05-2014|46|5371|3274|9364|6486|2051|3|11|0
1727|1744|1965|Agriculture|low maturity|23529.0|0|1|07-01-2013|67|9171|7868|13536|3671|2784|3|11|0
1730|8605|1964|Medical|growth|46910.0|1|1|23-03-2014|36|48565|539|14267|270|175|3|11|0
1735|10092|1954|Technology|good maturity|70044.0|0|1|18-02-2013|46|1073833|263|250874|153390|14474|3|11|0
1741|7610|1983|Technology|growth|37292.0|1|0|18-04-2013|32|275028|348|86796|10569|23436|3|11|0
1746|10250|1947|Agriculture|growth|28389.0|0|0|20-11-2012|49|1718|5837|3739|7715|4062|3|11|0
1751|7807|1974|Technology|defined processes|44989.0|0|1|12-09-2012|26|98297|940|106242|49326|10089|3|11|0
1755|5394|1979|Agriculture|low maturity|16014.0|1|1|17-03-2013|42|3938|9468|4797|7146|8920|3|11|0
1759|5883|1972|Technology|defined processes|77981.0|1|0|26-05-2013|78|138335|120870|204923|16503|126478|3|11|0
1762|6616|1975|Technology|growth|59481.0|0|1|23-10-2013|47|178726|3805|85861|71621|66850|3|11|0
1765|9167|1956|Technology|defined processes|67131.0|0|1|26-03-2013|72|465044|71049|250705|93235|35911|3|11|0
1768|8312|1961|Agriculture|defined processes|28249.0|0|0|15-06-2014|80|1658|9624|7134|2524|14576|3|11|0
1773|8584|1952|Medical|growth|85431.0|0|0|08-06-2013|54|376079|53333|462890|168165|53515|3|11|0
1777|164|1977|Medical|defined processes|28973.0|0|0|13-10-2012|59|206972|149|46723|3500|2120|3|11|0
1780|5150|1979|Agriculture|low maturity|20194.0|1|0|17-12-2012|64|208|4850|7540|11082|10351|3|11|0
1783|10678|1959|Technology|growth|71232.0|0|1|28-11-2013|91|653866|17407|170487|34713|26736|3|11|0
1787|8008|1983|Technology|growth|36075.0|1|0|09-12-2013|54|46494|276|30637|12535|1874|3|11|0
1790|1419|1950|Technology|growth|34026.0|1|1|05-08-2013|11|18779|6354|15267|12197|8133|3|11|0
1795|10691|1960|Financial|defined processes|28520.0|1|1|14-06-2013|55|11034|262|10188|398|2428|3|11|0
1799|762|1981|Statup|growth|75774.0|1|0|02-05-2014|27|340446|21258|134245|258204|14025|3|11|0
1805|9284|1958|Technology|growth|53977.0|0|1|08-06-2013|21|620520|16542|165513|801|24405|3|11|0
1810|5513|1966|Technology|growth|37758.0|1|1|04-10-2012|49|27209|2796|10724|411|90|3|11|0
1815|2549|1983|Medical|growth|21840.0|1|0|21-07-2013|80|17097|324|9802|878|64|3|11|0
1821|5684|1971|Financial|good maturity|44635.0|1|1|11-10-2013|25|56148|343|9493|141|371|3|11|0
1824|1440|1978|Statup|growth|52513.0|0|0|04-09-2012|84|367940|17278|241607|104782|188950|3|11|0
1828|4687|1958|Financial|defined processes|80739.0|0|0|23-05-2013|92|674862|92696|736337|39599|407|3|11|0
1832|7129|1962|Medical|defined processes|54693.0|0|1|17-02-2013|72|686703|17494|142312|23204|26453|3|11|0
1836|7849|1970|Medical|defined processes|80336.0|0|0|09-09-2013|12|209265|19518|456473|160655|142562|3|11|0
1842|7419|1968|Financial|good maturity|27071.0|1|0|23-04-2014|90|8111|3589|19273|122|2222|3|11|0
1846|9931|1963|Medical|defined processes|4023.0|1|1|23-06-2014|29|5583|249|1435|1281|1138|3|11|0
1849|5010|1988|Technology|low maturity|25008.0|1|0|02-02-2014|72|2875|8920|8352|6405|1665|3|11|0
1856|6710|1951|Financial|low maturity|58217.0|2|1|17-11-2012|84|68824|1722|13597|3176|5456|3|11|0
1859|521|1985|Technology|growth|54006.0|1|0|18-09-2012|42|174337|77135|203947|6070|24314|3|11|0
1862|1630|1979|Technology|low maturity|61825.0|0|1|07-08-2013|56|162394|50161|100840|55613|30397|3|11|0
1867|9467|1984|Technology|low maturity|34738.0|1|0|11-05-2014|51|3469|2295|10337|3202|128|3|11|0
1871|8602|1964|Technology|good maturity|69932.0|0|1|12-06-2013|97|412424|172626|153389|150798|105335|3|11|0
1874|4796|1952|Technology|good maturity|49638.0|0|1|19-04-2014|71|18252|10101|3828|3145|5166|3|11|0
1879|3426|1975|Technology|good maturity|70300.0|1|0|15-07-2013|89|1045348|61068|338399|60422|46388|3|11|0
1885|10702|1984|Technology|low maturity|52413.0|1|0|03-11-2012|67|185914|8929|133475|56283|56497|3|11|0
1890|2747|1988|Medical|defined processes|67546.0|0|0|31-08-2012|90|864141|134156|768395|150197|38975|3|11|0
1895|3578|1949|Technology|good maturity|49160.0|0|1|20-10-2013|29|122869|21033|43239|25749|10681|3|11|0
1900|10789|1964|Medical|defined processes|45759.0|1|1|23-02-2013|13|42936|1120|18558|3217|603|3|11|0
1903|2337|1971|Technology|good maturity|29819.0|1|0|24-10-2013|77|9896|1310|24241|2133|1187|3|11|0
1907|10680|1986|Technology|growth|33235.0|1|0|05-02-2014|71|45876|759|16887|2963|1168|3|11|0
1912|6417|1971|Financial|growth|80573.0|0|0|14-10-2012|85|829759|138332|430944|60035|92654|3|11|0
1917|4385|1981|Medical|low maturity|36038.0|1|0|31-05-2013|82|23272|791|15570|356|2582|3|11|0
1920|2546|1977|Statup|low maturity|31878.0|0|1|22-06-2014|7|23712|4495|5966|10373|5728|3|11|0
1925|3112|1977|Financial|defined processes|22701.0|1|0|05-09-2013|2|2659|4174|9073|819|4642|3|11|0
1930|5734|1974|Medical|defined processes|61917.0|1|1|20-11-2013|83|46917|4527|36039|2459|2599|3|11|0
1933|7007|1968|Financial|defined processes|29543.0|2|0|01-04-2014|47|17341|3810|18972|3803|4674|3|11|0
1938|9291|1959|Financial|defined processes|34242.0|0|1|23-03-2014|25|8228|2593|4558|188|242|3|11|0
1942|5393|1977|Technology|low maturity|23763.0|1|0|07-08-2012|64|22142|885|6979|6946|2086|3|11|0
1945|10868|1951|Technology|high maturity|70792.0|0|0|06-02-2013|82|344338|45125|654552|104329|11496|3|11|0
1949|9955|1954|Technology|growth|39898.0|0|1|12-02-2013|20|69173|8246|26797|12246|7873|3|11|0
1952|3434|1951|Technology|low maturity|80872.0|0|0|12-05-2014|60|483301|72700|567684|94347|12760|3|11|0
1956|8514|1976|Technology|growth|29478.0|1|0|17-01-2014|59|8982|22|7672|3875|1459|3|11|0
1962|6355|1978|Technology|defined processes|44359.0|1|1|17-06-2014|19|20632|407|14555|7454|3518|3|11|0
1966|7165|1972|Technology|growth|64474.0|0|1|22-10-2013|59|381413|35566|172639|56606|86960|3|11|0
1974|8360|1971|Statup|defined processes|54690.0|1|1|07-11-2013|76|111097|16429|37818|7082|9085|3|11|0
1977|4867|1968|Medical|low maturity|38236.0|1|1|20-09-2013|2|58459|675|18816|2120|401|3|11|0
1984|1406|1975|Technology|low maturity|53201.0|1|1|12-02-2013|49|280657|7465|81159|20815|849|3|11|0
1987|4552|1991|Technology|defined processes|51373.0|0|0|22-06-2013|37|83908|2716|101605|64226|26966|3|11|0
1991|8212|1971|Financial|defined processes|39791.0|0|1|28-03-2013|89|85224|15509|27393|13376|13684|3|11|0
1999|176|1980|Statup|low maturity|67506.0|0|1|02-01-2014|73|90066|38853|67131|33041|36575|3|11|0
2003|6679|1966|Technology|low maturity|33279.0|0|0|12-06-2014|29|10896|3859|3556|972|491|3|11|0
2006|3599|1970|Technology|defined processes|63684.0|0|1|26-11-2012|61|575260|80254|428111|208611|93269|3|11|0
2010|2002|1958|Technology|good maturity|71964.0|0|0|20-05-2013|81|587096|51914|932259|180420|34798|3|11|0
2015|4102|1975|Statup|defined processes|37284.0|1|1|29-03-2013|46|11510|1043|2239|2808|1646|3|11|0
2019|2375|1972|Technology|growth|30261.0|1|2|25-09-2012|75|8274|713|5423|847|3250|3|11|0
2022|4954|1956|Technology|defined processes|48195.0|1|1|21-01-2014|53|106756|27883|68797|52278|7542|3|11|0
2025|9423|1979|Financial|defined processes|32765.0|1|0|23-02-2014|49|13565|3028|17698|7668|3311|3|11|0
2029|10001|1985|Statup|growth|7500.0|1|0|01-08-2012|98|5229|17521|17827|13137|14285|3|11|0
2033|3491|1975|Technology|growth|55914.0|0|1|29-04-2013|32|384818|60973|364888|119093|101396|3|11|0
2037|5872|1951|Technology|low maturity|60689.0|0|1|01-06-2013|23|240856|90288|216137|63056|6453|3|11|0
2041|4974|1970|Technology|low maturity|83273.0|1|2|25-09-2012|98|433676|89504|650367|16677|102164|3|11|0
2044|4095|1971|Technology|defined processes|37150.0|1|0|11-09-2012|80|167473|37091|64826|49236|34840|3|11|0
2049|2079|1947|Statup|defined processes|81044.0|0|0|27-12-2013|0|450925|26783|535554|73693|98917|3|11|0
2053|10509|1955|Financial|low maturity|36927.0|1|1|02-06-2014|46|51485|54|16926|444|795|3|11|0
2056|7441|1973|Technology|good maturity|71128.0|1|0|06-10-2012|80|958549|159329|447786|20670|839|3|11|0
2059|7187|1969|Financial|growth||1|1|18-05-2013|52|375899|42209|48185|94036|66922|3|11|0
2062|2345|1982|Medical|growth|70038.0|0|0|25-10-2013|54|587913|54745|348558|71918|54749|3|11|0
2065|123|1951|Technology|high maturity|67046.0|0|1|06-01-2013|92|544680|35051|133171|23091|151197|3|11|0
2068|10500|1984|Technology|defined processes|31761.0|1|0|05-04-2014|96|19090|1210|20587|16848|14249|3|11|0
2071|2712|1956|Technology|defined processes|71866.0|0|1|25-12-2013|85|184904|178295|178949|103483|39221|3|11|0
2076|6958|1977|Financial|defined processes|27889.0|1|0|05-07-2013|42|14296|419|4811|936|416|3|11|0
2079|10339|1954|Financial|growth||0|1|23-06-2013|83|161441|660|22692|851|162|3|11|0
2082|6497|1960|Technology|defined processes|51651.0|0|1|07-11-2012|32|293809|6444|23315|13379|6553|3|11|0
2086|2802|1992|Statup|defined processes|87000.0|0|0|15-12-2012|61|196385|25177|607231|67096|17705|3|11|0
2091|2686|1969|Agriculture|growth|22390.0|0|0|21-10-2013|49|976|1235|4156|15300|1349|3|11|0
2096|7428|1975|Technology|growth|80144.0|0|0|30-09-2013|47|240536|132839|445947|250248|192630|3|11|0
2101|6544|1949|Medical|growth|67911.0|0|1|22-05-2014|63|529489|495|356497|63136|28721|3|11|0
2106|6183|1962|Financial|defined processes|58646.0|0|1|10-06-2013|3|62854|1657|44647|6639|5083|3|11|0
2112|11091|1953|Technology|growth|34587.0|1|1|16-05-2014|68|7330|2063|9735|2496|802|3|11|0
2115|9907|1969|Financial|growth|66476.0|0|1|04-12-2013|80|742332|28619|152652|25887|9214|3|11|0
2118|6262|1962|Financial|low maturity|72217.0|0|0|10-04-2013|93|816732|42206|450048|55326|56166|3|11|0
2121|10067|1976|Statup|growth|25176.0|1|1|10-08-2013|79|4250|513|4861|36|332|3|11|0
2126|2493|1966|Technology|defined processes|61286.0|0|1|02-08-2013|34|356432|979|107396|19637|9451|3|11|0
2132|11181|1949|Medical|defined processes|156924.0|0|0|29-08-2013|85|2194|1936|2770|1243|1030|3|11|0
2135|10127|1965|Technology|defined processes|58692.0|0|1|06-04-2014|21|301904|11407|61592|4249|7782|3|11|0
2140|10432|1974|Technology|good maturity|19346.0|1|0|30-01-2014|26|2625|987|9630|3552|6455|3|11|0
2143|9727|1957|Technology|defined processes|23539.0|0|0|28-02-2014|13|4408|24105|11803|16720|1914|3|11|0
2148|7873|1973|Medical|growth|63516.0|1|1|06-07-2013|30|141851|11520|114486|15517|14201|3|11|0
2152|9481|1976|Technology|defined processes|17148.0|1|0|28-01-2014|80|9738|9579|11583|13901|10340|3|11|0
2156|8726|1964|Statup|good maturity|41713.0|1|1|29-04-2014|57|77295|8533|44829|10519|10687|3|11|0
2161|902|1980|Technology|growth|62994.0|1|0|04-03-2014|74|224183|12901|48616|4078|12531|3|11|0
2165|9706|1974|Medical|low maturity|31560.0|1|0|24-06-2013|98|62324|1045|20060|4264|947|3|11|0
2172|4084|1975|Technology|growth|60934.0|0|1|17-01-2014|41|224044|155949|155538|192208|93314|3|11|0
2177|492|1973|Medical|none maturity|48432.0|0|1|18-10-2012|3|322587|3162|50568|4939|3869|3|11|0
2182|3266|1964|Technology|defined processes|42523.0|0|0|23-04-2014|96|14187|36342|11066|3104|26225|3|11|0
2188|10652|1957|Financial|growth|65487.0|0|0|10-01-2014|48|240884|67228|500453|199147|63|3|11|0
2192|7990|1947|Technology|defined processes|27469.0|0|0|02-08-2012|2|9104|1780|2340|3831|2758|3|11|0
2199|9014|1975|Technology|defined processes|37085.0|1|1|26-06-2014|65|39235|1851|16253|2300|193|3|11|0
2203|2736|1978|Technology|defined processes|73807.0|0|1|02-01-2013|88|366981|124905|156343|71656|78618|3|11|0
2206|1092|1980|Technology|defined processes|61014.0|0|1|11-08-2012|17|269277|129689|495527|182858|43710|3|11|0
2210|607|1955|Statup|good maturity|41769.0|0|1|13-02-2013|31|302043|29366|131436|32260|398|3|11|0
2213|3661|1995|Statup|low maturity|80617.0|0|0|12-10-2012|42|594128|51574|631154|72375|55344|3|11|0
2216|736|1983|Technology|growth|28427.0|1|0|21-03-2013|67|18434|3053|19745|3598|3639|3|11|0
2219|9246|1985|Financial|growth|40101.0|1|0|14-10-2012|73|171277|3987|129235|26866|24367|3|11|0
2223|1448|1963|Financial|defined processes|33562.0|1|2|25-06-2014|33|21332|12607|12136|920|3340|3|11|0
2227|4201|1962|Technology|low maturity|57967.0|0|1|03-03-2013|39|229212|7720|137664|4035|357|3|11|0
2232|8080|1986|Technology|low maturity|26816.0|0|0|17-08-2012|50|5928|1268|6654|3261|4483|3|11|0
2235|10870|1967|Technology|defined processes|61223.0|0|1|13-06-2013|46|709931|43425|182519|42658|118711|3|11|0
